Loop0-beta_i4,0.14933984414950163
Loop0-beta_r4,0.11352341238138006
Loop0-d_k1,0.16536465749084206
Loop0-d_k2,0.04287836139072554
Loop0-d_k3,0.03696659709556388
Loop0-d_k4,0.08551969900455347
Loop0-theta0,0.21644148282600817
Loop0-theta1,0.2277666164728085
Loop0-theta2,0.36537633722323115
Loop0-theta3,0.2634408268529925
Loop0-theta4,0.43559157906209567
Loop0-theta5,0.06671304891531327
Loop0-theta6,0.1713890835927907
Loop0-theta7,0.4988541987691901
Loop0-theta8,0.5445330168832323
Loop0-theta9,0.09752624170068702
Loop0-theta10,0.6108354004679113
Loop0-theta11,0.6022511809431639
Loop0-theta12,0.39376583579591107
Loop0-theta13,0.18838397391301864
Loop0-theta14,0.557201117261116
Loop0-theta15,0.29515289689497104
Loop0-theta16,0.30957170434041836
Loop0-theta17,0.41160943504664793
Loop0-theta18,0.23943110427450498
Loop0-theta19,0.15124722578777006
Loop0-theta20,0.20856968228548434
Loop0-theta21,0.04447266379969134
Loop0-theta22,0.3773155802897944
Loop0-theta23,0.2899204563992799
Loop0-theta24,0.022345956038732573
Loop0-theta25,0.2525097482139931
Loop0-theta26,0.3783326970793316
Loop0-theta27,0.27557199905535457
Loop0-theta28,0.028086704381102168
Loop0-theta29,0.5769989256256749
Loop0-theta30,0.18009146147592037
Loop0-theta31,0.24309113426855838
Loop0-theta32,0.8473230405340442
Loop0-theta33,0.1765254695858629
Loop0-theta34,0.07509558506622283
Loop0-theta35,0.9460932465243375
Loop0-theta36,0.12383566023247428
Loop0-theta37,0.2438781738937733
Loop0-theta38,0.13637093813732637
Loop0-theta39,0.04099997541752712
Loop0-theta40,0.16513138057990173
Loop0-theta41,0.22482735539044715
Loop0-theta42,0.02026297669637389
Loop0-theta43,0.03243362748621214
Loop0-theta44,0.19339536808987257
Loop0-theta45,0.16838666892813947
Loop0-theta46,0.11693406992781652
Loop0-theta47,0.29921133032804903
Loop0-theta48,0.0902488057929549
Loop0-theta49,0.1584906952172979
Loop1-beta_i4,0.008095083220907462
Loop1-beta_r4,0.06864661658644289
Loop1-d_k1,0.10712712732909324
Loop1-d_k2,0.12530070291880954
Loop1-d_k3,0.04910744995753247
Loop1-d_k4,0.18332038029037012
Loop1-theta0,0.10912894303154363
Loop1-theta1,0.010787142187103305
Loop1-theta2,0.8303481651949255
Loop1-theta3,0.0690812728041208
Loop1-theta4,0.1331837704021388
Loop1-theta5,0.21019149267913328
Loop1-theta6,0.29346460658407625
Loop1-theta7,0.14087352569544231
Loop1-theta8,0.13980659201678614
Loop1-theta9,0.06689979599243867
Loop1-theta10,0.4199504804930945
Loop1-theta11,0.1693399025558413
Loop1-theta12,0.22120454147844326
Loop1-theta13,0.5482087196473535
Loop1-theta14,0.0720229817826607
Loop1-theta15,0.030325419039662016
Loop1-theta16,0.22267606875762525
Loop1-theta17,0.08511527144162223
Loop1-theta18,0.07945872847220248
Loop1-theta19,0.45597772080280496
Loop1-theta20,0.16305535802567317
Loop1-theta21,0.30803078455774935
Loop1-theta22,0.19138237833361127
Loop1-theta23,0.11404099167008652
Loop1-theta24,0.19121367005462697
Loop1-theta25,0.25943925245795796
Loop1-theta26,0.016339716311965846
Loop1-theta27,0.16507745598071333
Loop1-theta28,0.032814338560177736
Loop1-theta29,0.34851539464253223
Loop1-theta30,0.59096708437286
Loop1-theta31,8.75501001509793E-4
Loop1-theta32,0.6270240000013323
Loop1-theta33,0.5680919696308346
Loop1-theta34,0.14269003344754164
Loop1-theta35,0.2342767734795595
Loop1-theta36,0.05588264297425294
Loop1-theta37,0.40416609385751534
Loop1-theta38,0.2746215560950984
Loop1-theta39,0.04074668838654116
Loop1-theta40,0.3024673719654126
Loop1-theta41,0.1192980406875348
Loop1-theta42,0.2826460234642937
Loop1-theta43,0.29764933595311205
Loop1-theta44,0.27545921084538905
Loop1-theta45,0.8103992511192137
Loop1-theta46,0.44667502072313786
Loop1-theta47,0.22443379027140842
Loop1-theta48,0.21136735587158617
Loop1-theta49,0.25745164364568046
Loop2-beta_i4,0.026607325621039846
Loop2-beta_r4,0.06427616272558473
Loop2-d_k1,0.19388060280029829
Loop2-d_k2,0.0252227083094565
Loop2-d_k3,0.019976830410447233
Loop2-d_k4,0.23908014152020185
Loop2-theta0,0.07958906156063128
Loop2-theta1,0.08850625454493444
Loop2-theta2,0.24191608825915467
Loop2-theta3,0.11368711304602286
Loop2-theta4,0.1872320246006831
Loop2-theta5,0.24482890706667582
Loop2-theta6,0.015718627143629926
Loop2-theta7,0.505786952956456
Loop2-theta8,0.07151979704741546
Loop2-theta9,0.427008126476161
Loop2-theta10,0.06611028476653158
Loop2-theta11,0.1359080726569265
Loop2-theta12,0.00149139887499955
Loop2-theta13,0.04096915404557283
Loop2-theta14,0.16183264127024577
Loop2-theta15,0.006655033815086735
Loop2-theta16,0.5011447178575668
Loop2-theta17,0.006442740060134899
Loop2-theta18,0.2713503509936288
Loop2-theta19,0.25364371892945137
Loop2-theta20,0.33333353576933034
Loop2-theta21,0.22739021838645784
Loop2-theta22,0.21553338521279986
Loop2-theta23,0.03284088956289352
Loop2-theta24,0.3479876205772625
Loop2-theta25,0.22757922922229734
Loop2-theta26,0.08483182591434346
Loop2-theta27,0.045183011218329794
Loop2-theta28,0.20436092654776705
Loop2-theta29,0.00884510145441042
Loop2-theta30,0.1847872359834537
Loop2-theta31,1.3998177259247346E-4
Loop2-theta32,0.012795894766750138
Loop2-theta33,0.23881028199988993
Loop2-theta34,0.2067817475277376
Loop2-theta35,0.1519091144474184
Loop2-theta36,0.3681629291286028
Loop2-theta37,0.2829798635245142
Loop2-theta38,0.17294635593076824
Loop2-theta39,0.14319061570662783
Loop2-theta40,0.0367151378831756
Loop2-theta41,0.08194456773657013
Loop2-theta42,0.08440608622006662
Loop2-theta43,0.12525803517658285
Loop2-theta44,0.088642541659391
Loop2-theta45,0.2929297278264116
Loop2-theta46,0.10940635714556413
Loop2-theta47,0.08818839088049049
Loop2-theta48,0.32408665157318906
Loop2-theta49,0.34034615563775417
Loop3-beta_i4,0.030909666454462137
Loop3-beta_r4,0.06044914562163567
Loop3-d_k1,0.036147186124597
Loop3-d_k2,0.10613018862465051
Loop3-d_k3,0.09162111280096977
Loop3-d_k4,0.23389848755021658
Loop3-theta0,0.10733539884176246
Loop3-theta1,0.5086521720035677
Loop3-theta2,0.46115965675681647
Loop3-theta3,0.7736148695981648
Loop3-theta4,0.20675636301183886
Loop3-theta5,0.21534803079315423
Loop3-theta6,0.023828877936219656
Loop3-theta7,0.016183959642677048
Loop3-theta8,0.17342216587341275
Loop3-theta9,0.04769265173433268
Loop3-theta10,0.2623403540811621
Loop3-theta11,0.1503486448599769
Loop3-theta12,0.3899021023497856
Loop3-theta13,0.282924221563199
Loop3-theta14,0.12977898005338945
Loop3-theta15,0.28807567789804533
Loop3-theta16,0.2729628796739543
Loop3-theta17,0.1397224983133435
Loop3-theta18,0.3564445879054168
Loop3-theta19,0.23349867643789546
Loop3-theta20,0.10341022519973286
Loop3-theta21,0.18039509463638537
Loop3-theta22,0.24103046000786105
Loop3-theta23,0.1373481538776804
Loop3-theta24,0.0748527229073973
Loop3-theta25,0.06158226133884237
Loop3-theta26,0.2611641586134089
Loop3-theta27,0.40328629224416623
Loop3-theta28,0.1456449990224319
Loop3-theta29,0.31855861544162983
Loop3-theta30,0.08845042919808
Loop3-theta31,0.06345259793106028
Loop3-theta32,0.1264386542884719
Loop3-theta33,0.24528173150613553
Loop3-theta34,0.40370336630155046
Loop3-theta35,0.041252473572174986
Loop3-theta36,0.03315690547907901
Loop3-theta37,0.007015544684135344
Loop3-theta38,0.3951765581698644
Loop3-theta39,0.0852235499508021
Loop3-theta40,0.5279514338815308
Loop3-theta41,0.09283063536899971
Loop3-theta42,0.3622361866996303
Loop3-theta43,0.06511231087920955
Loop3-theta44,0.02381519495690898
Loop3-theta45,0.004031897673766771
Loop3-theta46,0.3325701644527682
Loop3-theta47,0.11487715815669547
Loop3-theta48,0.3180424780054075
Loop3-theta49,0.21755395424063817
Loop4-beta_i4,0.11302076167371866
Loop4-beta_r4,0.02503637584512175
Loop4-d_k1,0.027301465919017942
Loop4-d_k2,0.06076838086409145
Loop4-d_k3,0.14802705871601196
Loop4-d_k4,0.0599572119329026
Loop4-theta0,0.17499774359114967
Loop4-theta1,0.08588362535451288
Loop4-theta2,0.5922193012514656
Loop4-theta3,0.2753846791795296
Loop4-theta4,0.08196197233865332
Loop4-theta5,0.21246522600710493
Loop4-theta6,0.22385947618398805
Loop4-theta7,0.08564699673741821
Loop4-theta8,0.15348179860990263
Loop4-theta9,0.00119869925080196
Loop4-theta10,0.2671129995966708
Loop4-theta11,0.16099280647230035
Loop4-theta12,0.1988927283637869
Loop4-theta13,0.4987328037259866
Loop4-theta14,0.2546820628142753
Loop4-theta15,0.2200042807611362
Loop4-theta16,0.06057032254665132
Loop4-theta17,0.28571147379623374
Loop4-theta18,0.0022062281035499787
Loop4-theta19,0.2985872104994862
Loop4-theta20,0.01938057564394341
Loop4-theta21,0.04409774866743099
Loop4-theta22,0.04904935862756432
Loop4-theta23,0.11462947668174656
Loop4-theta24,0.0737088975361424
Loop4-theta25,0.08488357431659876
Loop4-theta26,0.10161573878830088
Loop4-theta27,0.09679197378318327
Loop4-theta28,0.004960863080393368
Loop4-theta29,0.0284497826252883
Loop4-theta30,0.604454601458347
Loop4-theta31,0.0100865331360378
Loop4-theta32,0.30754447115969497
Loop4-theta33,0.0023032216043903375
Loop4-theta34,0.33974360772229406
Loop4-theta35,0.352057435589077
Loop4-theta36,0.013355841311469385
Loop4-theta37,0.1882583969066881
Loop4-theta38,0.03384142962201331
Loop4-theta39,0.15686673571274523
Loop4-theta40,0.012577276128868498
Loop4-theta41,0.1749035528135765
Loop4-theta42,0.030265290675282247
Loop4-theta43,0.21624204573607936
Loop4-theta44,0.06871727981381008
Loop4-theta45,0.14183470397130093
Loop4-theta46,0.24297402951409874
Loop4-theta47,0.12662161400624916
Loop4-theta48,0.006050847672424808
Loop4-theta49,0.10018955487622239
Loop5-beta_i4,0.03933878910165356
Loop5-beta_r4,0.023692799918781926
Loop5-d_k1,0.09508682659643841
Loop5-d_k2,0.014053843446182102
Loop5-d_k3,0.018122089511273365
Loop5-d_k4,0.0629108936389825
Loop5-theta0,0.01839621188644358
Loop5-theta1,0.10679134290299594
Loop5-theta2,0.3572148377714006
Loop5-theta3,0.07014953984980854
Loop5-theta4,0.10474745890617343
Loop5-theta5,0.05739951839085233
Loop5-theta6,0.2103514948640826
Loop5-theta7,0.12181306059078545
Loop5-theta8,0.16114270948017606
Loop5-theta9,0.045373170676472674
Loop5-theta10,0.09717100543685164
Loop5-theta11,0.21192426464009323
Loop5-theta12,0.04033882033550573
Loop5-theta13,0.4329972410547023
Loop5-theta14,0.12722706115702304
Loop5-theta15,0.24892516749720905
Loop5-theta16,0.04190292493450509
Loop5-theta17,0.26407931943113516
Loop5-theta18,0.19659719166478018
Loop5-theta19,0.2913436519031938
Loop5-theta20,0.08546683315957859
Loop5-theta21,0.2266342140781623
Loop5-theta22,0.22167451895052825
Loop5-theta23,0.14582727328195078
Loop5-theta24,0.5167953019202685
Loop5-theta25,0.1061157360810438
Loop5-theta26,0.08121389937838128
Loop5-theta27,0.01825803052244869
Loop5-theta28,0.4166643822578615
Loop5-theta29,0.3214925451950579
Loop5-theta30,0.2158019411776534
Loop5-theta31,0.3380570436118975
Loop5-theta32,0.004344183987153638
Loop5-theta33,0.17558735103420509
Loop5-theta34,0.03613406769059757
Loop5-theta35,0.0349919147116009
Loop5-theta36,0.09561119976792026
Loop5-theta37,0.11136774610754918
Loop5-theta38,0.17388181651765644
Loop5-theta39,0.31469936982917357
Loop5-theta40,0.11302921718958214
Loop5-theta41,0.19987556278140384
Loop5-theta42,0.03968571872239646
Loop5-theta43,0.04951025798210745
Loop5-theta44,0.12252505689804472
Loop5-theta45,0.12982127828976087
Loop5-theta46,0.1688791677402237
Loop5-theta47,0.45842050296456827
Loop5-theta48,0.06878411918614757
Loop5-theta49,0.4062176442459103
Loop6-beta_i4,0.03183605569658954
Loop6-beta_r4,0.07692776931773382
Loop6-d_k1,0.042632776643558856
Loop6-d_k2,0.08858714481391539
Loop6-d_k3,0.04400755991272037
Loop6-d_k4,0.08721236154475404
Loop6-theta0,0.11562222851597126
Loop6-theta1,0.059148928716240334
Loop6-theta2,0.008856214639389293
Loop6-theta3,0.05330328478736768
Loop6-theta4,0.28983941622995524
Loop6-theta5,0.2623210249656185
Loop6-theta6,0.22188808367184265
Loop6-theta7,0.09815848750605999
Loop6-theta8,0.008182532994678693
Loop6-theta9,0.3190841477950488
Loop6-theta10,0.04839974433346422
Loop6-theta11,0.05369024493260999
Loop6-theta12,0.08764552048472118
Loop6-theta13,0.010204590491681653
Loop6-theta14,0.23841445313270604
Loop6-theta15,0.1096954095460326
Loop6-theta16,0.23335898716147385
Loop6-theta17,0.33268201968061306
Loop6-theta18,0.07462429349701252
Loop6-theta19,0.13925530578555945
Loop6-theta20,0.20831636846202428
Loop6-theta21,0.032163517617646964
Loop6-theta22,0.10600297165589145
Loop6-theta23,0.2505674058276358
Loop6-theta24,0.004226666375780785
Loop6-theta25,0.038647743918696686
Loop6-theta26,0.02415093314284411
Loop6-theta27,0.05303417961828977
Loop6-theta28,0.1612532242770523
Loop6-theta29,0.1597324372406166
Loop6-theta30,0.20244188650328598
Loop6-theta31,0.6126541405280121
Loop6-theta32,0.5384239610812875
Loop6-theta33,0.11102569646442595
Loop6-theta34,0.44274861433306817
Loop6-theta35,0.2355858470846539
Loop6-theta36,0.18850939251112342
Loop6-theta37,0.25135690432760827
Loop6-theta38,0.12949345367295195
Loop6-theta39,0.05123385590226487
Loop6-theta40,0.04610653368005213
Loop6-theta41,0.1073362483906255
Loop6-theta42,0.15305923071479888
Loop6-theta43,0.06692203863407076
Loop6-theta44,0.17669951886719215
Loop6-theta45,0.07549753906545387
Loop6-theta46,0.08734408100773394
Loop6-theta47,0.09654484163363897
Loop6-theta48,0.05938209608823852
Loop6-theta49,7.330538162917677E-4
Loop7-beta_i4,0.14084359600739504
Loop7-beta_r4,0.007785070754472184
Loop7-d_k1,0.14709997444233036
Loop7-d_k2,0.021749766529776338
Loop7-d_k3,0.08657624099952677
Loop7-d_k4,0.038773966913027036
Loop7-theta0,0.15602084075109135
Loop7-theta1,0.18651941202723443
Loop7-theta2,0.14923670191083427
Loop7-theta3,0.5449800495706677
Loop7-theta4,0.2869588369085839
Loop7-theta5,0.2721339030649649
Loop7-theta6,0.049194909443081185
Loop7-theta7,0.02629993335020564
Loop7-theta8,0.13470783528569363
Loop7-theta9,0.1615978118064485
Loop7-theta10,0.20899975021886608
Loop7-theta11,0.010172359315879786
Loop7-theta12,0.13368610432454098
Loop7-theta13,0.02108587275201118
Loop7-theta14,0.03828444624011185
Loop7-theta15,0.10448733791390502
Loop7-theta16,0.0515873846051208
Loop7-theta17,0.11434426001399656
Loop7-theta18,0.06631495577627278
Loop7-theta19,0.5957592720950615
Loop7-theta20,0.050443969823928736
Loop7-theta21,0.09059381292165303
Loop7-theta22,0.18140118248755585
Loop7-theta23,0.17537802188200136
Loop7-theta24,0.02366664822475706
Loop7-theta25,0.16576150709640192
Loop7-theta26,0.39821692022503163
Loop7-theta27,0.02277299678968625
Loop7-theta28,0.013542246238587033
Loop7-theta29,0.25873166225807126
Loop7-theta30,0.014886285728986093
Loop7-theta31,0.3601374376930413
Loop7-theta32,0.012512262331551227
Loop7-theta33,0.21502262592615656
Loop7-theta34,0.23524528641446885
Loop7-theta35,0.09997675510493093
Loop7-theta36,0.014339596047744929
Loop7-theta37,0.23662301761692062
Loop7-theta38,0.3444822483217005
Loop7-theta39,0.07261609637584054
Loop7-theta40,0.07465760989991121
Loop7-theta41,0.15611562073963647
Loop7-theta42,0.32751530488641
Loop7-theta43,0.10713973999589932
Loop7-theta44,0.4721410167410396
Loop7-theta45,0.2867860520422604
Loop7-theta46,0.05508022646557431
Loop7-theta47,0.26910399065291857
Loop7-theta48,0.44926761597329046
Loop7-theta49,0.2244335926306329
Loop8-beta_i4,0.1250438983453226
Loop8-beta_r4,0.012291413520487349
Loop8-d_k1,0.027135796971397008
Loop8-d_k2,0.059899790321546464
Loop8-d_k3,0.06530183252617905
Loop8-d_k4,0.03253783917603015
Loop8-theta0,0.5499233875310445
Loop8-theta1,0.3628224997587983
Loop8-theta2,0.15215187401192776
Loop8-theta3,0.11440766008109343
Loop8-theta4,0.0935662989012267
Loop8-theta5,0.4587706146852022
Loop8-theta6,0.051868053354354515
Loop8-theta7,0.27818038723536875
Loop8-theta8,0.18140350262295657
Loop8-theta9,0.33693114774232674
Loop8-theta10,0.29024627055108576
Loop8-theta11,0.0836617532860281
Loop8-theta12,0.5776688292798904
Loop8-theta13,0.010573528188955184
Loop8-theta14,0.036872272556425834
Loop8-theta15,0.22204830268407338
Loop8-theta16,0.4091798876789343
Loop8-theta17,0.011069221910288723
Loop8-theta18,0.42158240584979656
Loop8-theta19,0.12391027618840988
Loop8-theta20,0.15991458572378103
Loop8-theta21,0.2723498075604531
Loop8-theta22,0.20473548438702038
Loop8-theta23,0.07228877781061621
Loop8-theta24,0.4015208119043955
Loop8-theta25,0.10990185853775225
Loop8-theta26,6.056723194314273E-5
Loop8-theta27,0.19073372440170622
Loop8-theta28,0.012643866955087013
Loop8-theta29,0.10451149452560093
Loop8-theta30,0.05535826865896731
Loop8-theta31,0.18021747049121817
Loop8-theta32,0.2429177025132342
Loop8-theta33,0.46341325068324285
Loop8-theta34,0.10119688175539082
Loop8-theta35,0.004284784034824796
Loop8-theta36,0.30601572511520514
Loop8-theta37,0.19768467068133436
Loop8-theta38,0.09362930465702513
Loop8-theta39,0.02864138064193955
Loop8-theta40,0.28636187446592687
Loop8-theta41,0.01679128902004212
Loop8-theta42,0.06170587031994201
Loop8-theta43,0.09767094495227768
Loop8-theta44,0.18555263318563392
Loop8-theta45,0.1755387005525717
Loop8-theta46,0.0754455651360294
Loop8-theta47,0.17906478286925598
Loop8-theta48,0.16000936819550438
Loop8-theta49,0.01109928676756805
Loop9-beta_i4,0.018369054887878766
Loop9-beta_r4,0.05523250648839046
Loop9-d_k1,0.16374367503423026
Loop9-d_k2,0.17011196717607902
Loop9-d_k3,0.1028955088542911
Loop9-d_k4,0.10926380099613953
Loop9-theta0,0.3906142999871709
Loop9-theta1,0.059621248000294655
Loop9-theta2,0.08059819566205698
Loop9-theta3,0.2239397444618842
Loop9-theta4,0.044949343023699795
Loop9-theta5,0.24000797288598674
Loop9-theta6,0.08501377503876073
Loop9-theta7,0.011861972303223611
Loop9-theta8,0.06896892453725734
Loop9-theta9,0.4346110652817322
Loop9-theta10,0.10059400750144085
Loop9-theta11,0.04945884213418772
Loop9-theta12,0.045276428030755045
Loop9-theta13,0.08257716558415487
Loop9-theta14,0.134097743826539
Loop9-theta15,0.09323625580272954
Loop9-theta16,0.22828595239497373
Loop9-theta17,0.11134825332373463
Loop9-theta18,0.5731841467904207
Loop9-theta19,0.08361419710562934
Loop9-theta20,0.07426794340206039
Loop9-theta21,0.3903815188809894
Loop9-theta22,0.11161133529479644
Loop9-theta23,0.7113137913863998
Loop9-theta24,0.027562491879920215
Loop9-theta25,0.3422616788538697
Loop9-theta26,0.23833408810405077
Loop9-theta27,0.3161747350722962
Loop9-theta28,0.21711383979199655
Loop9-theta29,0.3877980803148362
Loop9-theta30,0.2069924037043815
Loop9-theta31,0.009156235296016613
Loop9-theta32,0.09563972816819924
Loop9-theta33,0.05397849321398884
Loop9-theta34,0.196508190593514
Loop9-theta35,0.08301065348660663
Loop9-theta36,0.24077955782475696
Loop9-theta37,0.03426351857793053
Loop9-theta38,0.2902654693365527
Loop9-theta39,0.035124965161311805
Loop9-theta40,0.15489060724572523
Loop9-theta41,0.049695543666492675
Loop9-theta42,0.31695502241325507
Loop9-theta43,0.028525037605471315
Loop9-theta44,0.4564395247017079
Loop9-theta45,0.045798837617305965
Loop9-theta46,0.041941792381205545
Loop9-theta47,0.036169325855525514
Loop9-theta48,0.1334975669276618
Loop9-theta49,0.10591548154125396
Loop10-beta_i4,0.08409746195043594
Loop10-beta_r4,0.13674555382178466
Loop10-d_k1,0.11626837804563328
Loop10-d_k2,0.12542126298170808
Loop10-d_k3,0.16101120787675205
Loop10-d_k4,0.1701640928128274
Loop10-theta0,0.09793105681305081
Loop10-theta1,0.34520086073139145
Loop10-theta2,0.10507663047591387
Loop10-theta3,0.2608198476807264
Loop10-theta4,0.2157405947633242
Loop10-theta5,0.2721444363914101
Loop10-theta6,0.32758509277218983
Loop10-theta7,0.09701210366490964
Loop10-theta8,0.1314805269303363
Loop10-theta9,0.316721599876487
Loop10-theta10,0.25888443991690635
Loop10-theta11,0.15974698161679846
Loop10-theta12,0.45978538765042
Loop10-theta13,0.07022749634805159
Loop10-theta14,0.1237715744975556
Loop10-theta15,0.5162765366918145
Loop10-theta16,0.24078509557060235
Loop10-theta17,0.20440181507462585
Loop10-theta18,0.29999966324165905
Loop10-theta19,0.40027682276207766
Loop10-theta20,0.09382622861296147
Loop10-theta21,0.20141433073516735
Loop10-theta22,0.09668032041184493
Loop10-theta23,0.0027864472582883604
Loop10-theta24,0.5264539979785122
Loop10-theta25,0.08184257397959623
Loop10-theta26,0.25006568024845466
Loop10-theta27,0.2836626837761915
Loop10-theta28,0.1934743328072187
Loop10-theta29,0.2824271860358586
Loop10-theta30,0.2004318610838297
Loop10-theta31,0.041280475638334035
Loop10-theta32,0.013970592580263064
Loop10-theta33,0.08338443072526686
Loop10-theta34,0.19957488822773486
Loop10-theta35,0.30580037255327497
Loop10-theta36,0.5092595062804139
Loop10-theta37,0.016950980991374265
Loop10-theta38,0.1981026851846952
Loop10-theta39,0.29253357036910543
Loop10-theta40,0.04095751648132637
Loop10-theta41,0.026003155565074376
Loop10-theta42,0.3638706254183217
Loop10-theta43,0.1550345817850265
Loop10-theta44,0.14002833709769458
Loop10-theta45,0.3660322172055894
Loop10-theta46,0.2182081803466418
Loop10-theta47,0.05747857600462969
Loop10-theta48,0.07734400149225239
Loop10-theta49,0.5246045754340349
Loop11-beta_i4,0.023117613346614496
Loop11-beta_r4,0.20061431359558737
Loop11-d_k1,0.05078160715103719
Loop11-d_k2,0.06079307754106872
Loop11-d_k3,0.08269286063182521
Loop11-d_k4,0.09270433102185693
Loop11-theta0,0.018360234267307485
Loop11-theta1,0.08495037540630168
Loop11-theta2,0.08616316715855071
Loop11-theta3,0.3190944728485763
Loop11-theta4,0.3086174642017814
Loop11-theta5,0.11542303304062967
Loop11-theta6,0.091780904484706
Loop11-theta7,0.33486038923373307
Loop11-theta8,0.3227084111466485
Loop11-theta9,0.19965465167353802
Loop11-theta10,0.31403581554723825
Loop11-theta11,0.13635136792702812
Loop11-theta12,0.07635842412017746
Loop11-theta13,0.2634817174299151
Loop11-theta14,0.20298088961728128
Loop11-theta15,0.3012879866365765
Loop11-theta16,0.2507159136688491
Loop11-theta17,0.12381840927957988
Loop11-theta18,0.27871388124443874
Loop11-theta19,0.2357467187679535
Loop11-theta20,0.02157213382464751
Loop11-theta21,0.06242605110899828
Loop11-theta22,0.10677599868734289
Loop11-theta23,0.4256111738043872
Loop11-theta24,0.21818807958875175
Loop11-theta25,0.15963241345895768
Loop11-theta26,0.6494859827706045
Loop11-theta27,0.2028814525053928
Loop11-theta28,0.0026794602489332853
Loop11-theta29,0.04091772815227198
Loop11-theta30,0.005010857178366468
Loop11-theta31,0.3775941932369844
Loop11-theta32,0.07980775466397816
Loop11-theta33,0.0525800833568027
Loop11-theta34,0.11234677594231701
Loop11-theta35,0.042825163554136236
Loop11-theta36,0.24292164970271912
Loop11-theta37,0.03568414291452737
Loop11-theta38,0.1527158851505649
Loop11-theta39,0.11539341903287492
Loop11-theta40,0.16360402613682545
Loop11-theta41,0.10633844818724073
Loop11-theta42,0.1387844196909962
Loop11-theta43,0.5510523310678719
Loop11-theta44,0.03638020487738197
Loop11-theta45,0.17932642410224608
Loop11-theta46,0.5252869394316229
Loop11-theta47,0.4985787375555397
Loop11-theta48,0.2604116930258283
Loop11-theta49,0.20477670286673386
Loop12-beta_i4,0.042549405784442385
Loop12-beta_r4,0.0030341043364565667
Loop12-d_k1,0.0448636153162556
Loop12-d_k2,0.2594079614891263
Loop12-d_k3,0.19246693707531176
Loop12-d_k4,0.022077409097557954
Loop12-theta0,0.21129903085663038
Loop12-theta1,0.12175178626794697
Loop12-theta2,0.15613985047958523
Loop12-theta3,0.19894218633411265
Loop12-theta4,0.006996419268403664
Loop12-theta5,0.3985725820051589
Loop12-theta6,0.06787230917368348
Loop12-theta7,0.15430267684905563
Loop12-theta8,0.4838124786266389
Loop12-theta9,0.13953476700540213
Loop12-theta10,0.3593262239182876
Loop12-theta11,0.013037856977567097
Loop12-theta12,0.07967898887059718
Loop12-theta13,0.4680144258940281
Loop12-theta14,0.009602105682615436
Loop12-theta15,0.4745052008755488
Loop12-theta16,0.024145610604909162
Loop12-theta17,0.32769442341279875
Loop12-theta18,0.4208452494294556
Loop12-theta19,0.179941780307997
Loop12-theta20,0.07437367099477488
Loop12-theta21,0.047920415175695175
Loop12-theta22,0.33783984354375196
Loop12-theta23,0.6703217746689483
Loop12-theta24,0.06328906813806912
Loop12-theta25,0.17060999662374604
Loop12-theta26,0.47626210809191405
Loop12-theta27,0.08816711423256596
Loop12-theta28,0.24576028277626716
Loop12-theta29,0.0038352302136730465
Loop12-theta30,0.2342471013383538
Loop12-theta31,0.1703997518572653
Loop12-theta32,0.068438079737559
Loop12-theta33,0.022263387636756393
Loop12-theta34,0.4233233829706866
Loop12-theta35,0.004510572428297166
Loop12-theta36,0.20122980490247683
Loop12-theta37,0.3970786457993657
Loop12-theta38,0.18453921358157055
Loop12-theta39,0.10795319760895006
Loop12-theta40,0.043100676573864405
Loop12-theta41,0.241747495606094
Loop12-theta42,0.05148930533585999
Loop12-theta43,0.1499053128311273
Loop12-theta44,0.017159166199657294
Loop12-theta45,0.27418542622878883
Loop12-theta46,0.6549320401643157
Loop12-theta47,0.03944281624526048
Loop12-theta48,0.18311032577746722
Loop12-theta49,0.14625964967841226
Loop13-beta_i4,0.029402433562120134
Loop13-beta_r4,0.15957236755608273
Loop13-d_k1,0.0024037113619432837
Loop13-d_k2,0.060320710786262666
Loop13-d_k3,0.08938757926304433
Loop13-d_k4,0.03147057983872492
Loop13-theta0,0.15119684544166212
Loop13-theta1,0.002757420677245312
Loop13-theta2,0.22272049064145444
Loop13-theta3,0.5380312566711429
Loop13-theta4,0.15923013404972353
Loop13-theta5,0.19707311339680278
Loop13-theta6,0.057637857551446015
Loop13-theta7,0.2728107098364998
Loop13-theta8,0.19783295986320604
Loop13-theta9,0.20942278589815022
Loop13-theta10,0.28513686916997594
Loop13-theta11,0.16681828561997236
Loop13-theta12,0.03974077189106162
Loop13-theta13,0.08626686744594059
Loop13-theta14,0.05708958873991152
Loop13-theta15,0.5728417944783302
Loop13-theta16,0.08058998171724102
Loop13-theta17,0.2340366416708744
Loop13-theta18,0.1342379716510011
Loop13-theta19,0.006167876891015389
Loop13-theta20,0.23648985932968425
Loop13-theta21,0.41259229287670074
Loop13-theta22,0.1789614520745716
Loop13-theta23,0.037432515402955335
Loop13-theta24,0.0726221202247237
Loop13-theta25,0.34666875416332144
Loop13-theta26,0.1801923821483047
Loop13-theta27,0.03470649864650199
Loop13-theta28,0.16037583874137273
Loop13-theta29,0.4003375651376846
Loop13-theta30,0.11555064468995963
Loop13-theta31,0.005129510194535891
Loop13-theta32,0.2765321948714994
Loop13-theta33,0.11776888814125552
Loop13-theta34,0.3122988439932536
Loop13-theta35,0.29390797937886415
Loop13-theta36,0.14493387259237883
Loop13-theta37,0.4772976279673662
Loop13-theta38,0.22500793591415047
Loop13-theta39,0.3508464744661774
Loop13-theta40,0.3809499829265258
Loop13-theta41,0.049619430514607765
Loop13-theta42,0.13173445422991661
Loop13-theta43,0.2738901204373684
Loop13-theta44,0.19275414135607905
Loop13-theta45,0.22878439016198274
Loop13-theta46,0.2052191106936756
Loop13-theta47,0.5625000952941066
Loop13-theta48,0.05871517925446862
Loop13-theta49,0.4332769959457723
Loop14-beta_i4,0.017930431243065814
Loop14-beta_r4,0.10842910351343815
Loop14-d_k1,0.16578520707034672
Loop14-d_k2,0.07524580812130688
Loop14-d_k3,0.03968774057760324
Loop14-d_k4,0.130227139526643
Loop14-theta0,0.015690693481587026
Loop14-theta1,0.6456023812731821
Loop14-theta2,0.014166960543031903
Loop14-theta3,0.21693750728782682
Loop14-theta4,0.07890337415000404
Loop14-theta5,0.18463525043876516
Loop14-theta6,0.2236969115341601
Loop14-theta7,0.10764401445080407
Loop14-theta8,0.0318300474508153
Loop14-theta9,0.13773683218931412
Loop14-theta10,0.04252169731431121
Loop14-theta11,0.33385635527860313
Loop14-theta12,0.27374767446872106
Loop14-theta13,0.15008446632442918
Loop14-theta14,0.19543080108686162
Loop14-theta15,0.46961807596299265
Loop14-theta16,0.10229055661737507
Loop14-theta17,0.16286321851624241
Loop14-theta18,0.1815980610302364
Loop14-theta19,0.25627545020659326
Loop14-theta20,0.23175578282624126
Loop14-theta21,0.21487180112507043
Loop14-theta22,0.04063881742362441
Loop14-theta23,0.14280643180344293
Loop14-theta24,0.6391439388112408
Loop14-theta25,0.15707105342187105
Loop14-theta26,0.05003888564238079
Loop14-theta27,0.6621541925435048
Loop14-theta28,0.1310203106063843
Loop14-theta29,0.4068238473912542
Loop14-theta30,0.1997934439297412
Loop14-theta31,0.5040933589072045
Loop14-theta32,0.07102561647823263
Loop14-theta33,0.08638258202262489
Loop14-theta34,0.17247063055887113
Loop14-theta35,0.23814278482771645
Loop14-theta36,0.522917720217507
Loop14-theta37,0.41271760745183195
Loop14-theta38,0.3922713134904935
Loop14-theta39,0.009380369174292857
Loop14-theta40,0.3541994608948962
Loop14-theta41,0.33432077739890786
Loop14-theta42,0.027286809392919942
Loop14-theta43,0.0051535123011309525
Loop14-theta44,0.3139085040822016
Loop14-theta45,0.15156476756148046
Loop14-theta46,0.19258858307066107
Loop14-theta47,0.32651618780825276
Loop14-theta48,0.0065843391419033725
Loop14-theta49,0.026395725654665053
Loop15-beta_i4,0.03515518260027638
Loop15-beta_r4,0.05078316948707473
Loop15-d_k1,0.026604666233085883
Loop15-d_k2,0.058902084789367426
Loop15-d_k3,0.12502676440697158
Loop15-d_k4,0.09272934585069037
Loop15-theta0,0.08270724030283116
Loop15-theta1,0.1562569420446575
Loop15-theta2,0.05870628793136201
Loop15-theta3,0.05155583335815472
Loop15-theta4,0.058131113964125625
Loop15-theta5,0.27047343781148014
Loop15-theta6,0.8076440727168683
Loop15-theta7,0.15090926133629168
Loop15-theta8,0.058378882098737206
Loop15-theta9,0.1602035142467762
Loop15-theta10,0.19329616305490216
Loop15-theta11,0.030865019377628977
Loop15-theta12,0.6967670099356149
Loop15-theta13,0.2429903549768455
Loop15-theta14,0.33394414225442226
Loop15-theta15,0.12008478323581562
Loop15-theta16,0.09755425155947961
Loop15-theta17,0.2954007092595142
Loop15-theta18,0.146535905349976
Loop15-theta19,0.05874687985776772
Loop15-theta20,0.20047146043210679
Loop15-theta21,0.19302134616484867
Loop15-theta22,0.07550728997053968
Loop15-theta23,0.027586552140458354
Loop15-theta24,0.3182855438983664
Loop15-theta25,0.1472256301877406
Loop15-theta26,0.3018689117530078
Loop15-theta27,0.059657760031091814
Loop15-theta28,0.05576573203203683
Loop15-theta29,0.3960218827043965
Loop15-theta30,0.020868551928878043
Loop15-theta31,0.11876778343783423
Loop15-theta32,0.03766972847893782
Loop15-theta33,0.42324401843649384
Loop15-theta34,0.10711037566358941
Loop15-theta35,0.025046923870352372
Loop15-theta36,5.839600272723108E-4
Loop15-theta37,0.22986617647958588
Loop15-theta38,0.08674467068447356
Loop15-theta39,0.12287755257299378
Loop15-theta40,0.1096601868517104
Loop15-theta41,0.12562557965544252
Loop15-theta42,0.2781454271240329
Loop15-theta43,0.21632910339246203
Loop15-theta44,0.07647164801772344
Loop15-theta45,0.00454850678930796
Loop15-theta46,0.25196310378459597
Loop15-theta47,0.4515018463183714
Loop15-theta48,0.24606306067346106
Loop15-theta49,0.2864656528598355
Loop16-beta_i4,0.10083548460702252
Loop16-beta_r4,0.019479305963993276
Loop16-d_k1,0.011193681794956167
Loop16-d_k2,0.02628851966166429
Loop16-d_k3,0.03823543189975813
Loop16-d_k4,0.07571763335637849
Loop16-theta0,0.13341822653252056
Loop16-theta1,0.2114151589370621
Loop16-theta2,0.5370034383441773
Loop16-theta3,0.19521930097373352
Loop16-theta4,0.007962461894504558
Loop16-theta5,0.06893602829136058
Loop16-theta6,0.09992295140138369
Loop16-theta7,0.12645835796170357
Loop16-theta8,0.18611887023860918
Loop16-theta9,0.20224375626771396
Loop16-theta10,0.5056064270275904
Loop16-theta11,0.13397877812146608
Loop16-theta12,0.13084369342683422
Loop16-theta13,0.30933445728538067
Loop16-theta14,0.05033961109729718
Loop16-theta15,0.33223215470673906
Loop16-theta16,0.28795099969384985
Loop16-theta17,0.026663951828174826
Loop16-theta18,0.25167759574577453
Loop16-theta19,0.2838797865837961
Loop16-theta20,0.07376061899845276
Loop16-theta21,0.13183042392066924
Loop16-theta22,0.20230214347734343
Loop16-theta23,0.5412633451046795
Loop16-theta24,0.3791059502793368
Loop16-theta25,0.0272615520559798
Loop16-theta26,0.06248620593595655
Loop16-theta27,0.09576653880846164
Loop16-theta28,0.03540054091792849
Loop16-theta29,0.27096839160127284
Loop16-theta30,0.008464578221159869
Loop16-theta31,0.3073851815265631
Loop16-theta32,0.17677175398715805
Loop16-theta33,0.21212921968275333
Loop16-theta34,0.11949934181725252
Loop16-theta35,0.3213399281077442
Loop16-theta36,0.1593936149477042
Loop16-theta37,0.18377726317263787
Loop16-theta38,0.14755911653993548
Loop16-theta39,0.34075912888386206
Loop16-theta40,0.197161157487995
Loop16-theta41,0.10629345093054265
Loop16-theta42,0.02778596653085308
Loop16-theta43,0.32079256071348783
Loop16-theta44,0.10697226587175857
Loop16-theta45,0.2193290456383561
Loop16-theta46,0.05270628150499901
Loop16-theta47,0.018721904995767924
Loop16-theta48,0.07116000927564986
Loop16-theta49,0.3439602025175992
Loop17-beta_i4,0.04187109014546011
Loop17-beta_r4,0.11328375973587357
Loop17-d_k1,0.11570780668785297
Loop17-d_k2,0.09076209221217167
Loop17-d_k3,0.04291340083490136
Loop17-d_k4,0.16355649806512362
Loop17-theta0,0.3126579745663
Loop17-theta1,0.09344182954186075
Loop17-theta2,0.08320660855963191
Loop17-theta3,0.2785402397878472
Loop17-theta4,0.0668018905788813
Loop17-theta5,0.4235801699082675
Loop17-theta6,0.1402086936822899
Loop17-theta7,0.26772820841265776
Loop17-theta8,0.16423587183964888
Loop17-theta9,0.23111189567011323
Loop17-theta10,0.34354066474103
Loop17-theta11,0.2912380059490648
Loop17-theta12,0.5487146299325635
Loop17-theta13,4.1583688773438876E-4
Loop17-theta14,0.22759224058958427
Loop17-theta15,0.07352708326559873
Loop17-theta16,0.023806265973641355
Loop17-theta17,0.11348740951406885
Loop17-theta18,0.025044290859872254
Loop17-theta19,0.3654258253574054
Loop17-theta20,0.3134995780929911
Loop17-theta21,0.1488193887774421
Loop17-theta22,0.11968733548551769
Loop17-theta23,0.11513611289798606
Loop17-theta24,0.186600631019193
Loop17-theta25,0.06390231178957101
Loop17-theta26,0.15632865384321198
Loop17-theta27,0.405413591998496
Loop17-theta28,0.2407608456003283
Loop17-theta29,0.07898197766524323
Loop17-theta30,0.14494876830211945
Loop17-theta31,0.4122018596549629
Loop17-theta32,0.12128615954584382
Loop17-theta33,0.12004436000952068
Loop17-theta34,0.016555155665370802
Loop17-theta35,0.2167360568189488
Loop17-theta36,0.11081482277298538
Loop17-theta37,0.1828265803798539
Loop17-theta38,0.08273298241858851
Loop17-theta39,0.2902276692011684
Loop17-theta40,0.37226093540757
Loop17-theta41,0.3319669812697532
Loop17-theta42,0.11204987438388514
Loop17-theta43,0.4610851686508469
Loop17-theta44,0.21684051101220211
Loop17-theta45,0.13973017500568963
Loop17-theta46,0.0557829208228513
Loop17-theta47,0.11242858610709161
Loop17-theta48,0.06150139709680835
Loop17-theta49,0.052357434496657695
Loop18-beta_i4,0.0655663402582839
Loop18-beta_r4,0.10069893937988128
Loop18-d_k1,0.03930971029155539
Loop18-d_k2,0.046577236852237136
Loop18-d_k3,0.08928016250076876
Loop18-d_k4,0.0033932153569771195
Loop18-theta0,0.24211152025504484
Loop18-theta1,0.23710858436998872
Loop18-theta2,0.08974222971978696
Loop18-theta3,0.09046190183650038
Loop18-theta4,0.03414399140445212
Loop18-theta5,0.24578640324563172
Loop18-theta6,0.3651170698804468
Loop18-theta7,0.1885182883507905
Loop18-theta8,0.18550199056608507
Loop18-theta9,1.1486769429969863
Loop18-theta10,0.06043697445530638
Loop18-theta11,0.39184429485166183
Loop18-theta12,0.02669746730010769
Loop18-theta13,0.2844043353084559
Loop18-theta14,0.1778099467778641
Loop18-theta15,0.28437267897575713
Loop18-theta16,0.12082474122027387
Loop18-theta17,0.177381816863993
Loop18-theta18,0.02709669734408693
Loop18-theta19,0.06494008070518076
Loop18-theta20,0.06660770240495528
Loop18-theta21,0.029519389208808144
Loop18-theta22,0.18986150617350872
Loop18-theta23,0.19647828232277814
Loop18-theta24,0.22365063608079466
Loop18-theta25,0.01371538091424751
Loop18-theta26,0.012175905044237156
Loop18-theta27,0.06625097142569736
Loop18-theta28,0.16625946853228046
Loop18-theta29,0.06910833680945483
Loop18-theta30,0.1903711701407319
Loop18-theta31,0.30506288628738415
Loop18-theta32,0.15881592043504544
Loop18-theta33,0.21849941294784525
Loop18-theta34,0.45675142559779336
Loop18-theta35,0.12462378381429115
Loop18-theta36,0.1393295213993606
Loop18-theta37,0.04208154467671377
Loop18-theta38,0.13798765234598526
Loop18-theta39,0.256284939738655
Loop18-theta40,0.3432684476218233
Loop18-theta41,0.11803469609329409
Loop18-theta42,0.012348506463260023
Loop18-theta43,0.0845707826144646
Loop18-theta44,0.4392181118292544
Loop18-theta45,0.40435753592116275
Loop18-theta46,0.234663508916247
Loop18-theta47,0.042170884013237875
Loop18-theta48,0.06838259278341169
Loop18-theta49,0.11207666161634394
Loop19-beta_i4,0.183847034107669
Loop19-beta_r4,0.01146754565615693
Loop19-d_k1,0.04279301360939747
Loop19-d_k2,0.11259365157832968
Loop19-d_k3,0.032180820029021895
Loop19-d_k4,0.03761981793991065
Loop19-theta0,0.09956820139708067
Loop19-theta1,0.5083364475825463
Loop19-theta2,0.07979336041631901
Loop19-theta3,0.5178029492462839
Loop19-theta4,0.09527924745396077
Loop19-theta5,0.3848948149017961
Loop19-theta6,0.06370509940888032
Loop19-theta7,0.25911359960784675
Loop19-theta8,0.19268875083346648
Loop19-theta9,0.4860618241256346
Loop19-theta10,0.44094929768575164
Loop19-theta11,0.11333451331244926
Loop19-theta12,0.28940559730390014
Loop19-theta13,0.15055550655985744
Loop19-theta14,0.24520794062228898
Loop19-theta15,0.03751351081814458
Loop19-theta16,0.05345153929248875
Loop19-theta17,0.20520175861355616
Loop19-theta18,0.179527479608371
Loop19-theta19,0.0025479818710222313
Loop19-theta20,0.005539725058792466
Loop19-theta21,0.1799295864155127
Loop19-theta22,0.1280107883767605
Loop19-theta23,0.11511316803101684
Loop19-theta24,0.24884941915487535
Loop19-theta25,0.21025324600743872
Loop19-theta26,0.0868706554338568
Loop19-theta27,0.17550179810303568
Loop19-theta28,0.15284427137837348
Loop19-theta29,0.2504451988076912
Loop19-theta30,0.254888949403131
Loop19-theta31,0.2561479335466366
Loop19-theta32,0.33004188609215734
Loop19-theta33,0.1995028458087211
Loop19-theta34,0.15130719944388238
Loop19-theta35,0.011789575557439758
Loop19-theta36,0.19055156585392985
Loop19-theta37,0.15644979056848407
Loop19-theta38,0.22082205560557217
Loop19-theta39,0.1155992570954697
Loop19-theta40,0.030471484005764743
Loop19-theta41,0.19312536672194902
Loop19-theta42,0.26139600317610023
Loop19-theta43,0.3311343347253631
Loop19-theta44,0.05198678743564078
Loop19-theta45,0.3647652860289891
Loop19-theta46,0.028458243852784226
Loop19-theta47,0.12051144740057557
Loop19-theta48,0.013874574933950612
Loop19-theta49,0.12587083399474874
Loop20-beta_i4,0.08301408606879376
Loop20-beta_r4,0.1809006704126886
Loop20-d_k1,0.13284581311054988
Loop20-d_k2,0.14882595119854752
Loop20-d_k3,0.0782289340898974
Loop20-d_k4,0.06224879600189981
Loop20-theta0,0.33753451808576707
Loop20-theta1,0.4123715307656126
Loop20-theta2,0.0038612319230534875
Loop20-theta3,1.0362302000675145
Loop20-theta4,0.12197785248525916
Loop20-theta5,0.0014777755303459206
Loop20-theta6,0.024986961387098106
Loop20-theta7,0.2479802150354975
Loop20-theta8,0.07637840595235501
Loop20-theta9,0.13051179553212455
Loop20-theta10,0.09721985353245133
Loop20-theta11,0.24479392984929782
Loop20-theta12,0.04495634748641769
Loop20-theta13,0.02917484320856477
Loop20-theta14,0.40502060125385064
Loop20-theta15,0.23066097220885795
Loop20-theta16,0.4025722039907951
Loop20-theta17,0.3647240317770649
Loop20-theta18,0.17929093550701247
Loop20-theta19,0.05109138069978775
Loop20-theta20,0.3257909708319333
Loop20-theta21,0.06585753681806306
Loop20-theta22,0.11667337414251944
Loop20-theta23,0.5193079676495016
Loop20-theta24,0.3015508033233636
Loop20-theta25,0.01179978225749978
Loop20-theta26,0.016035418356780684
Loop20-theta27,0.15968410061472899
Loop20-theta28,0.058683246463591465
Loop20-theta29,0.16500431672510818
Loop20-theta30,0.013692126936131421
Loop20-theta31,0.27034485161304167
Loop20-theta32,0.1168790043558976
Loop20-theta33,0.373186166837284
Loop20-theta34,0.10843394088799846
Loop20-theta35,0.3676853616122877
Loop20-theta36,0.21576605805584603
Loop20-theta37,0.03596692585185357
Loop20-theta38,0.13284169154900474
Loop20-theta39,0.09290833217062033
Loop20-theta40,0.04790732601435743
Loop20-theta41,0.4335317812322875
Loop20-theta42,0.07622353465562293
Loop20-theta43,0.3583883248248349
Loop20-theta44,0.22590914950082566
Loop20-theta45,0.31612293345159903
Loop20-theta46,0.24888047715542244
Loop20-theta47,0.27484930646050587
Loop20-theta48,0.6574772197057446
Loop20-theta49,0.1637290641104645
Loop21-beta_i4,0.15260979555269993
Loop21-beta_r4,0.06251244896148456
Loop21-d_k1,0.02671029500164024
Loop21-d_k2,0.10312129670433309
Loop21-d_k3,0.09803977478057671
Loop21-d_k4,0.03179181692539612
Loop21-theta0,0.23839837984769263
Loop21-theta1,0.15283439304812185
Loop21-theta2,0.14145133672044807
Loop21-theta3,0.04650369619446629
Loop21-theta4,0.23576718382151252
Loop21-theta5,0.32322401361633224
Loop21-theta6,0.16972835162630995
Loop21-theta7,0.04068100466541985
Loop21-theta8,0.11765414813230102
Loop21-theta9,0.18001668330602905
Loop21-theta10,0.014427947241480901
Loop21-theta11,0.11982156274484268
Loop21-theta12,0.5142453325399223
Loop21-theta13,0.2621505529419401
Loop21-theta14,0.05755174354233694
Loop21-theta15,0.21732910436599395
Loop21-theta16,0.02216064407488305
Loop21-theta17,0.06106377382819794
Loop21-theta18,0.08157671018233681
Loop21-theta19,0.37879719358434594
Loop21-theta20,0.06023522853253227
Loop21-theta21,0.10898236710447506
Loop21-theta22,0.11688765045448479
Loop21-theta23,0.16709203727371305
Loop21-theta24,0.10402880817431881
Loop21-theta25,0.09977972071271368
Loop21-theta26,0.13532865058350407
Loop21-theta27,0.08143118250089726
Loop21-theta28,0.3882012123304791
Loop21-theta29,0.5568758029052936
Loop21-theta30,0.20573913796264767
Loop21-theta31,0.12833342162435768
Loop21-theta32,0.35595904239212994
Loop21-theta33,0.490757936497752
Loop21-theta34,0.1421152475661298
Loop21-theta35,0.12740749296106801
Loop21-theta36,0.18472392957504757
Loop21-theta37,0.15359540235869873
Loop21-theta38,0.08531031583352688
Loop21-theta39,0.15070098481361538
Loop21-theta40,0.35550207449552734
Loop21-theta41,0.2242032641292312
Loop21-theta42,0.38997468175546823
Loop21-theta43,0.05918622829256792
Loop21-theta44,0.04210026440055892
Loop21-theta45,0.2774097213126483
Loop21-theta46,0.1403687149059848
Loop21-theta47,0.22498507913875554
Loop21-theta48,0.34169249491709225
Loop21-theta49,0.11510711044002564
Loop22-beta_i4,0.043612784243011404
Loop22-beta_r4,0.10897315332644131
Loop22-d_k1,0.14996949790780434
Loop22-d_k2,0.04198115198600019
Loop22-d_k3,0.050490473220624416
Loop22-d_k4,0.05749787270117945
Loop22-theta0,0.329265678354551
Loop22-theta1,0.25094223799604043
Loop22-theta2,0.40089987858449105
Loop22-theta3,0.1248260850933198
Loop22-theta4,0.37108581493888826
Loop22-theta5,0.08266299735121674
Loop22-theta6,0.2180688023726458
Loop22-theta7,0.31080015684449136
Loop22-theta8,0.17897116212387665
Loop22-theta9,0.6197173142868406
Loop22-theta10,0.21808002820327163
Loop22-theta11,0.05296136066583945
Loop22-theta12,0.3264391846825921
Loop22-theta13,0.2511675887076058
Loop22-theta14,0.09705553297884423
Loop22-theta15,0.24315663235459486
Loop22-theta16,0.03740122989472061
Loop22-theta17,0.37702401474596103
Loop22-theta18,0.15015115295242776
Loop22-theta19,0.06934715963469051
Loop22-theta20,0.18444808243758537
Loop22-theta21,0.011499459676944879
Loop22-theta22,0.2150590329855318
Loop22-theta23,1.213286095446843
Loop22-theta24,0.35937227357603097
Loop22-theta25,0.13582596710531414
Loop22-theta26,0.029406414905730927
Loop22-theta27,0.13617734181015362
Loop22-theta28,0.015516404704908338
Loop22-theta29,0.9685571030229707
Loop22-theta30,0.19066824459068965
Loop22-theta31,0.3332167571349577
Loop22-theta32,0.775047541224636
Loop22-theta33,0.049215582972161886
Loop22-theta34,0.17647735281757682
Loop22-theta35,0.14255683198296665
Loop22-theta36,0.4168924114853776
Loop22-theta37,0.10187133416092142
Loop22-theta38,0.07462282301271939
Loop22-theta39,0.19877694282901115
Loop22-theta40,0.21559424660960747
Loop22-theta41,0.05849888182304932
Loop22-theta42,0.2720189190940929
Loop22-theta43,0.3583205662133364
Loop22-theta44,0.22512714445162169
Loop22-theta45,0.32251446625634095
Loop22-theta46,0.009688084972544253
Loop22-theta47,0.0706683498054842
Loop22-theta48,0.04445729526070441
Loop22-theta49,0.007669358025735318
Loop23-beta_i4,0.014319065863330649
Loop23-beta_r4,0.01868456539512353
Loop23-d_k1,0.03225074171265363
Loop23-d_k2,0.02400095019504428
Loop23-d_k3,0.011202059385654675
Loop23-d_k4,0.06745375129335462
Loop23-theta0,0.16656188508367287
Loop23-theta1,0.024082207173589
Loop23-theta2,0.08441586872483575
Loop23-theta3,0.18818936629412053
Loop23-theta4,0.20838890494949724
Loop23-theta5,0.24281224239717533
Loop23-theta6,0.09954746011557164
Loop23-theta7,0.201591796640478
Loop23-theta8,0.06786657916266303
Loop23-theta9,0.1585395622920113
Loop23-theta10,0.2503179578353121
Loop23-theta11,0.37626533641021365
Loop23-theta12,0.14433667295210062
Loop23-theta13,0.5589743442954964
Loop23-theta14,0.27095175149034145
Loop23-theta15,0.018411541696805145
Loop23-theta16,0.02568322391536726
Loop23-theta17,0.23714941667409806
Loop23-theta18,0.19184568078682118
Loop23-theta19,0.3493379745249987
Loop23-theta20,0.5972421394703757
Loop23-theta21,0.31475417957623897
Loop23-theta22,0.1307543872454871
Loop23-theta23,0.3624292084203855
Loop23-theta24,0.09958432219144574
Loop23-theta25,0.1218896819666695
Loop23-theta26,0.3660947979279733
Loop23-theta27,0.22467970925757552
Loop23-theta28,0.061044940707148054
Loop23-theta29,0.07428814795233078
Loop23-theta30,0.09151661171818798
Loop23-theta31,0.5552123079705351
Loop23-theta32,0.20516604047185627
Loop23-theta33,0.241760861448015
Loop23-theta34,0.23109944879739253
Loop23-theta35,0.12969409445497404
Loop23-theta36,0.23541403200758854
Loop23-theta37,0.20308472533431043
Loop23-theta38,0.30122542632114024
Loop23-theta39,0.12964947333080146
Loop23-theta40,0.10592415890913953
Loop23-theta41,0.1653507111927779
Loop23-theta42,0.33176399247859223
Loop23-theta43,0.5202673347835676
Loop23-theta44,0.09772620537056775
Loop23-theta45,0.5759313590855614
Loop23-theta46,0.08819592637692142
Loop23-theta47,0.46741734952368363
Loop23-theta48,0.27173169421668764
Loop23-theta49,0.4070240678291205
Loop24-beta_i4,0.21527042362571014
Loop24-beta_r4,0.0966588164216115
Loop24-d_k1,0.2691825704421685
Loop24-d_k2,0.013983194995722092
Loop24-d_k3,0.22037713552826424
Loop24-d_k4,0.0627886299096263
Loop24-theta0,0.6940786760534123
Loop24-theta1,0.23854537849371754
Loop24-theta2,0.2633735123171017
Loop24-theta3,1.0238373224130428
Loop24-theta4,0.8394140621212536
Loop24-theta5,0.24077765566377374
Loop24-theta6,0.10387518709127597
Loop24-theta7,0.32516755027533084
Loop24-theta8,0.21712608180434156
Loop24-theta9,0.13487919498076661
Loop24-theta10,0.23852458482123295
Loop24-theta11,0.14827404301177805
Loop24-theta12,0.08189015858612259
Loop24-theta13,0.12765604720334167
Loop24-theta14,0.21993308582932758
Loop24-theta15,0.7870759468375749
Loop24-theta16,0.16595629073052842
Loop24-theta17,0.2767052139415964
Loop24-theta18,0.6726124908489803
Loop24-theta19,0.1683989130240413
Loop24-theta20,0.5221575016466264
Loop24-theta21,0.7127386384406731
Loop24-theta22,0.4235718012380749
Loop24-theta23,0.3285983097061811
Loop24-theta24,0.15490532797971096
Loop24-theta25,0.5817556924041942
Loop24-theta26,0.5292925335821264
Loop24-theta27,0.2956192107700201
Loop24-theta28,0.14587685211657575
Loop24-theta29,0.14732175892663635
Loop24-theta30,0.3450700814391287
Loop24-theta31,0.002153396252768225
Loop24-theta32,0.20217342727703747
Loop24-theta33,0.02132609757342241
Loop24-theta34,0.11820854118538286
Loop24-theta35,0.2986071523570092
Loop24-theta36,0.017749145787055554
Loop24-theta37,0.002150770829764781
Loop24-theta38,0.4051768914133069
Loop24-theta39,0.25911474147988856
Loop24-theta40,0.05153017535255433
Loop24-theta41,0.07696029359295259
Loop24-theta42,0.05305266905378914
Loop24-theta43,0.2646588199316974
Loop24-theta44,0.17802783408358672
Loop24-theta45,0.152048353642649
Loop24-theta46,0.008464046756492039
Loop24-theta47,0.08181419954668245
Loop24-theta48,0.3704438216082054
Loop24-theta49,0.8433039268271418
Loop25-beta_i4,0.13188189118731383
Loop25-beta_r4,0.04463776496117855
Loop25-d_k1,0.12014170995706508
Loop25-d_k2,0.11199802177593984
Loop25-d_k3,0.13870179492739393
Loop25-d_k4,0.1305581067462681
Loop25-theta0,0.2511276122335279
Loop25-theta1,0.0018598293725176074
Loop25-theta2,0.08884087003983554
Loop25-theta3,0.2897406494972369
Loop25-theta4,0.18115008810927224
Loop25-theta5,0.22956081345851043
Loop25-theta6,0.1839359253555205
Loop25-theta7,0.10291764339442777
Loop25-theta8,0.1452797666803518
Loop25-theta9,0.23111024995741958
Loop25-theta10,0.23255129530826402
Loop25-theta11,0.22892367632951185
Loop25-theta12,0.09446408503344803
Loop25-theta13,0.11545302680621938
Loop25-theta14,0.44473164245613006
Loop25-theta15,9.436352280030591E-4
Loop25-theta16,0.13166775125185373
Loop25-theta17,0.08420042945235673
Loop25-theta18,0.22925150855401044
Loop25-theta19,0.13105429070182398
Loop25-theta20,0.10973165777419247
Loop25-theta21,0.18022194137888414
Loop25-theta22,0.2004812841293977
Loop25-theta23,0.02069344438474552
Loop25-theta24,0.11854856019577609
Loop25-theta25,0.012816582657613651
Loop25-theta26,0.015324332894604276
Loop25-theta27,0.016471160029539744
Loop25-theta28,0.10126502370346768
Loop25-theta29,0.1072495536044388
Loop25-theta30,0.08251138086889823
Loop25-theta31,0.189231423601564
Loop25-theta32,0.18430629823263356
Loop25-theta33,0.10301620981717582
Loop25-theta34,0.03966703119738324
Loop25-theta35,0.4137544941798583
Loop25-theta36,0.2838842107580437
Loop25-theta37,0.09229590271954691
Loop25-theta38,0.02399160518076901
Loop25-theta39,0.18792508399718555
Loop25-theta40,0.03976359347902536
Loop25-theta41,0.288930479294891
Loop25-theta42,0.03541522574280291
Loop25-theta43,0.06682641100385633
Loop25-theta44,0.08744730226325251
Loop25-theta45,0.0679074374297517
Loop25-theta46,0.4520902866388264
Loop25-theta47,0.02067576526224646
Loop25-theta48,0.03514853612401954
Loop25-theta49,0.20203806438843452
Loop26-beta_i4,0.09208416161127353
Loop26-beta_r4,0.05186191591105124
Loop26-d_k1,0.06380492922196901
Loop26-d_k2,0.07369719799862262
Loop26-d_k3,0.06798635009510731
Loop26-d_k4,0.05809408131845517
Loop26-theta0,0.1763164116492129
Loop26-theta1,0.05307923092272171
Loop26-theta2,0.3715717992147294
Loop26-theta3,0.008556117364647342
Loop26-theta4,0.028794985642688897
Loop26-theta5,0.1975906339196733
Loop26-theta6,0.14256772704954931
Loop26-theta7,0.23438405283165276
Loop26-theta8,0.05029193745178595
Loop26-theta9,0.05809696440019074
Loop26-theta10,0.06221348506366359
Loop26-theta11,0.06719460104211206
Loop26-theta12,0.17231305750662562
Loop26-theta13,0.17650804070443338
Loop26-theta14,0.0790642016491453
Loop26-theta15,0.13480410579071211
Loop26-theta16,0.006575179265414885
Loop26-theta17,0.1260337485924422
Loop26-theta18,0.37330175492885176
Loop26-theta19,0.26699549007437895
Loop26-theta20,0.007953911848864029
Loop26-theta21,0.48985344988836665
Loop26-theta22,0.0698755742011018
Loop26-theta23,0.2504898118371657
Loop26-theta24,0.11012301276778491
Loop26-theta25,0.2501705560506742
Loop26-theta26,0.14022138704123344
Loop26-theta27,0.4916582797686776
Loop26-theta28,0.13401584388794113
Loop26-theta29,0.1448448962399393
Loop26-theta30,0.22322652221857725
Loop26-theta31,0.09031092931692614
Loop26-theta32,0.3584778201249119
Loop26-theta33,0.370864477224536
Loop26-theta34,0.02108342143160913
Loop26-theta35,0.16145286661750968
Loop26-theta36,0.19067602185979393
Loop26-theta37,0.170746955594121
Loop26-theta38,0.3175319178584731
Loop26-theta39,0.28031860368618894
Loop26-theta40,0.010944694623911733
Loop26-theta41,0.13566174623263613
Loop26-theta42,0.11175330191536004
Loop26-theta43,0.5842378455555446
Loop26-theta44,0.17384896845228193
Loop26-theta45,0.07876920703387136
Loop26-theta46,0.037581173178029004
Loop26-theta47,0.03928268685141689
Loop26-theta48,0.3930231778718565
Loop26-theta49,0.08727222006874792
Loop27-beta_i4,0.02547364873391124
Loop27-beta_r4,0.1237133476309139
Loop27-d_k1,0.12350542601384307
Loop27-d_k2,0.03677428516043249
Loop27-d_k3,0.09528556433585719
Loop27-d_k4,0.06499414683841764
Loop27-theta0,0.03435757307281584
Loop27-theta1,0.051625663526247756
Loop27-theta2,0.2366183259829333
Loop27-theta3,0.05905870229110163
Loop27-theta4,0.03748420997033297
Loop27-theta5,0.10843963304347276
Loop27-theta6,0.17820998292512402
Loop27-theta7,0.014933939642823583
Loop27-theta8,0.287278700152204
Loop27-theta9,0.11295134926073694
Loop27-theta10,0.3848436925780371
Loop27-theta11,0.552844587794078
Loop27-theta12,0.07672949770665521
Loop27-theta13,0.03391427811643433
Loop27-theta14,0.13390078198012878
Loop27-theta15,0.1350362215638843
Loop27-theta16,0.01471159419714807
Loop27-theta17,0.30630088517794674
Loop27-theta18,0.07789731458107163
Loop27-theta19,0.22920422848127942
Loop27-theta20,0.18753762664220414
Loop27-theta21,0.08852363613386216
Loop27-theta22,0.35837099652967175
Loop27-theta23,0.27177980154220693
Loop27-theta24,0.15839984326596168
Loop27-theta25,0.003779298540920517
Loop27-theta26,0.15754870342702243
Loop27-theta27,0.20093114000412038
Loop27-theta28,0.20122497283695373
Loop27-theta29,0.010821284771748818
Loop27-theta30,0.1853466994581133
Loop27-theta31,0.0943914826687613
Loop27-theta32,0.1587632767023736
Loop27-theta33,0.08116159778483006
Loop27-theta34,0.17217067695758814
Loop27-theta35,0.04969185253493841
Loop27-theta36,0.18016084934002508
Loop27-theta37,0.22393193339489936
Loop27-theta38,0.0968770495088619
Loop27-theta39,0.030577666017268135
Loop27-theta40,0.23662120961432265
Loop27-theta41,0.4304136073854165
Loop27-theta42,0.0054230101021519594
Loop27-theta43,0.1244667183858632
Loop27-theta44,0.07400294068616642
Loop27-theta45,0.037684549626408104
Loop27-theta46,0.09507454668542836
Loop27-theta47,0.06275471853546
Loop27-theta48,0.03753025415914668
Loop27-theta49,0.05249859866486073
Loop28-beta_i4,0.03705826280208413
Loop28-beta_r4,0.009036301209691011
Loop28-d_k1,0.01370647024987759
Loop28-d_k2,0.012754101126699835
Loop28-d_k3,0.048545049060647605
Loop28-d_k4,0.02208447768407018
Loop28-theta0,0.15388470909618684
Loop28-theta1,0.13588370555831636
Loop28-theta2,0.2069889162863432
Loop28-theta3,0.09587435671530686
Loop28-theta4,0.05077778467997329
Loop28-theta5,0.37529138049836275
Loop28-theta6,0.1550906788525797
Loop28-theta7,0.0226504715514238
Loop28-theta8,0.5024261453517309
Loop28-theta9,0.13392743850932587
Loop28-theta10,0.24082291107564013
Loop28-theta11,0.2820550038095526
Loop28-theta12,0.456782352438303
Loop28-theta13,0.34408836036450086
Loop28-theta14,0.7192692556199751
Loop28-theta15,0.12532794705473255
Loop28-theta16,0.268414180187549
Loop28-theta17,0.40369648227910915
Loop28-theta18,0.28276067029672486
Loop28-theta19,0.056219102911118035
Loop28-theta20,0.03527005153823537
Loop28-theta21,0.31206864056469663
Loop28-theta22,0.9129843993035247
Loop28-theta23,0.0667072380856697
Loop28-theta24,0.20072724490634486
Loop28-theta25,0.08737661129433727
Loop28-theta26,0.0640330695736413
Loop28-theta27,0.0842498304274969
Loop28-theta28,0.29399967020283113
Loop28-theta29,0.2151159821219636
Loop28-theta30,0.24923340258150883
Loop28-theta31,0.08235419734089877
Loop28-theta32,0.2512196580058708
Loop28-theta33,0.09142812008816592
Loop28-theta34,0.4071875003956764
Loop28-theta35,0.3831043792114956
Loop28-theta36,0.11152395882555033
Loop28-theta37,0.27348696620042734
Loop28-theta38,0.034287349518143995
Loop28-theta39,0.2753841142169138
Loop28-theta40,0.14363981435907602
Loop28-theta41,0.15237400971036585
Loop28-theta42,0.22143962217876245
Loop28-theta43,0.15899861017423733
Loop28-theta44,0.26095283229114685
Loop28-theta45,0.18843007713393745
Loop28-theta46,0.2600530071285514
Loop28-theta47,0.20617089106407582
Loop28-theta48,0.28897789576185595
Loop28-theta49,0.06060925782223858
Loop29-beta_i4,0.22245033986457186
Loop29-beta_r4,0.001978371440347626
Loop29-d_k1,0.045703912280585346
Loop29-d_k2,0.011611768025432068
Loop29-d_k3,0.0055816294001195255
Loop29-d_k4,0.028510514855035085
Loop29-theta0,0.1387315417949586
Loop29-theta1,0.022657052429306046
Loop29-theta2,0.0946689653726743
Loop29-theta3,0.45070784723851187
Loop29-theta4,0.005403534936893495
Loop29-theta5,0.23714316552158698
Loop29-theta6,0.09892427576564611
Loop29-theta7,0.2622007738245782
Loop29-theta8,0.41383893672038985
Loop29-theta9,0.12589061723600137
Loop29-theta10,0.20308684959588777
Loop29-theta11,0.40246992576803486
Loop29-theta12,0.04552747294455384
Loop29-theta13,0.36436799732679437
Loop29-theta14,0.24183770542265037
Loop29-theta15,0.23298058066282956
Loop29-theta16,0.11076726669202386
Loop29-theta17,0.20799321277847638
Loop29-theta18,0.12234579020609793
Loop29-theta19,0.047543359093666804
Loop29-theta20,0.0551745272423792
Loop29-theta21,0.17905033787724456
Loop29-theta22,0.2656212797734269
Loop29-theta23,0.14521531640192487
Loop29-theta24,0.04879981497291386
Loop29-theta25,0.16596965707106603
Loop29-theta26,0.3370898255495868
Loop29-theta27,0.15107894674711453
Loop29-theta28,0.09819265663049093
Loop29-theta29,0.01867862268961773
Loop29-theta30,0.02329828648739335
Loop29-theta31,0.040608236300030964
Loop29-theta32,0.21375187375089455
Loop29-theta33,0.472736122016163
Loop29-theta34,0.014706693702728119
Loop29-theta35,0.22173247950332065
Loop29-theta36,0.17765640441666525
Loop29-theta37,0.35605410077902344
Loop29-theta38,0.46021706879662017
Loop29-theta39,0.27940804377555284
Loop29-theta40,0.22679563007242545
Loop29-theta41,0.5408455558592838
Loop29-theta42,0.38213224793414335
Loop29-theta43,0.268369774786013
Loop29-theta44,0.04754858767018966
Loop29-theta45,0.02630042204759092
Loop29-theta46,0.009668463572730102
Loop29-theta47,0.2742615840660225
Loop29-theta48,0.22619668999490042
Loop29-theta49,0.18164011240072053
