Loop0-beta_i3,0.14779460866308725
Loop0-beta_i4,0.10917547459241783
Loop0-beta_r1,0.05261633380810582
Loop0-beta_r2,0.2051783358844541
Loop0-beta_r3,0.20107613762595217
Loop0-beta_r4,0.16307471411764918
Loop0-d_k1,0.04005585652046301
Loop0-d_k2,0.07052734585294806
Loop0-d_k3,0.14469356324880145
Loop0-d_k4,0.17516505258128656
Loop0-theta0,0.06286674858281105
Loop0-theta1,0.5772743344603882
Loop0-theta2,0.1076958696448288
Loop0-theta3,0.04739836695646016
Loop0-theta4,0.16337788850627755
Loop0-theta5,0.09346847876678144
Loop0-theta6,0.21086415899838906
Loop0-theta7,0.06802552556728492
Loop0-theta8,0.18959691014738356
Loop0-theta9,0.15838930230742285
Loop0-theta10,0.08449257842097646
Loop0-theta11,0.08252302906140185
Loop0-theta12,0.3500966608798019
Loop0-theta13,0.14328293475992426
Loop0-theta14,0.5983936816301733
Loop0-theta15,0.02137278100397233
Loop0-theta16,0.539459952168674
Loop0-theta17,0.1118403427113337
Loop0-theta18,0.01020615314678236
Loop0-theta19,0.18904120214526854
Loop0-theta20,0.29003235991233234
Loop0-theta21,0.15081787446299924
Loop0-theta22,0.4838474984653139
Loop0-theta23,0.281093794640393
Loop0-theta24,0.14566743679100191
Loop0-theta25,0.12697954207380657
Loop0-theta26,0.33895180864214947
Loop0-theta27,0.2599656925028331
Loop0-theta28,0.20523286950477643
Loop0-theta29,0.02346494796798515
Loop0-theta30,0.19740840234881016
Loop0-theta31,0.19623151472380995
Loop0-theta32,0.31084179359047037
Loop0-theta33,0.06340746795803398
Loop0-theta34,0.03730095948967649
Loop0-theta35,0.09494991161041498
Loop0-theta36,0.10215090663510717
Loop0-theta37,0.1857052496123349
Loop0-theta38,0.2197681073293274
Loop0-theta39,0.05171901963961911
Loop0-theta40,0.26832106275589696
Loop0-theta41,0.6164899838279292
Loop0-theta42,0.07059844416666072
Loop0-theta43,0.1138570884373471
Loop0-theta44,0.7144796652872629
Loop0-theta45,0.02633342587225901
Loop0-theta46,0.21087488515610098
Loop0-theta47,0.22130217736952362
Loop0-theta48,0.6170164612325676
Loop0-theta49,0.05200471298830878
Loop1-beta_i3,0.1076266823353269
Loop1-beta_i4,0.049335953664789434
Loop1-beta_r1,0.08895599857998926
Loop1-beta_r2,0.0183205743057
Loop1-beta_r3,0.08955568459458396
Loop1-beta_r4,0.10065162690955859
Loop1-d_k1,0.05386171770472492
Loop1-d_k2,0.0994488585880498
Loop1-d_k3,0.049102601108864
Loop1-d_k4,0.20241317740163883
Loop1-theta0,0.22798700879366574
Loop1-theta1,0.3134786158037135
Loop1-theta2,0.09886169548310031
Loop1-theta3,0.447800250860831
Loop1-theta4,0.20305467297581598
Loop1-theta5,0.13979561625928094
Loop1-theta6,0.7050194132107679
Loop1-theta7,0.44577243404685474
Loop1-theta8,0.13979710095607034
Loop1-theta9,0.2792360819543843
Loop1-theta10,0.018161305484361012
Loop1-theta11,0.04677658163099048
Loop1-theta12,0.22667498842406397
Loop1-theta13,0.1671896143598196
Loop1-theta14,0.25328816763313955
Loop1-theta15,0.1865261119863968
Loop1-theta16,0.050636427953808724
Loop1-theta17,0.3734540916305473
Loop1-theta18,0.2803088491856107
Loop1-theta19,0.30286919681541197
Loop1-theta20,0.3692053994893554
Loop1-theta21,0.3694942018157289
Loop1-theta22,0.015106379913990553
Loop1-theta23,0.1540556845935121
Loop1-theta24,0.014224479758499435
Loop1-theta25,0.12760300893618148
Loop1-theta26,0.0066217497047565965
Loop1-theta27,0.2709598558986125
Loop1-theta28,0.4491653221580828
Loop1-theta29,0.07632274843558925
Loop1-theta30,0.2625803467538035
Loop1-theta31,0.01326792616970729
Loop1-theta32,0.27713218551785346
Loop1-theta33,0.0861652389920271
Loop1-theta34,0.14068678651714128
Loop1-theta35,0.2864653548797017
Loop1-theta36,0.42435302499878236
Loop1-theta37,0.08633356190667707
Loop1-theta38,0.053937906680394915
Loop1-theta39,0.0799450177594974
Loop1-theta40,0.0999230995704864
Loop1-theta41,0.09726500540801863
Loop1-theta42,0.03886868613486982
Loop1-theta43,0.11498227319248233
Loop1-theta44,0.23334171952052407
Loop1-theta45,0.030117548214848355
Loop1-theta46,0.29639846435163025
Loop1-theta47,0.036793095822659994
Loop1-theta48,0.16719703998188484
Loop1-theta49,0.08902378840054648
Loop2-beta_i3,0.10739722731484569
Loop2-beta_i4,0.08739495717767742
Loop2-beta_r1,0.14198247595601476
Loop2-beta_r2,0.015165046553758055
Loop2-beta_r3,0.059876986068351234
Loop2-beta_r4,0.005861634348216627
Loop2-d_k1,0.05291945963805267
Loop2-d_k2,0.010163216800093355
Loop2-d_k3,0.0509448715152252
Loop2-d_k4,0.008188628677265886
Loop2-theta0,0.49567565872600833
Loop2-theta1,0.020799924294517713
Loop2-theta2,0.39449778615662123
Loop2-theta3,0.2778486926057804
Loop2-theta4,0.23873707551678108
Loop2-theta5,0.3789409642156172
Loop2-theta6,0.02577203404138724
Loop2-theta7,0.16404081496907563
Loop2-theta8,0.0836168094107883
Loop2-theta9,0.2578379302532031
Loop2-theta10,0.7281375986251785
Loop2-theta11,0.1644428434736032
Loop2-theta12,0.02461049841328955
Loop2-theta13,0.3318669847492516
Loop2-theta14,0.3136446736453825
Loop2-theta15,0.3206827582980649
Loop2-theta16,0.419393992076066
Loop2-theta17,0.053450191102445865
Loop2-theta18,0.7711905197173095
Loop2-theta19,0.22498984711375858
Loop2-theta20,0.47567067351669173
Loop2-theta21,0.09615319277151324
Loop2-theta22,0.03764752093475121
Loop2-theta23,0.19346348167456554
Loop2-theta24,0.42488311397677714
Loop2-theta25,0.21999846181735327
Loop2-theta26,0.12064846884499447
Loop2-theta27,0.12688578813598786
Loop2-theta28,0.0043359130308585625
Loop2-theta29,0.11582260397578803
Loop2-theta30,0.023126132410582985
Loop2-theta31,0.23338972139034064
Loop2-theta32,0.22003894380650868
Loop2-theta33,0.34563692955180014
Loop2-theta34,0.14407033509686884
Loop2-theta35,0.3754837697091349
Loop2-theta36,0.11358184377414338
Loop2-theta37,0.1209446957417104
Loop2-theta38,0.1287732904447607
Loop2-theta39,0.2644242570320702
Loop2-theta40,0.15944720040344573
Loop2-theta41,0.24257750296890968
Loop2-theta42,0.7342422523333441
Loop2-theta43,0.09968727230694518
Loop2-theta44,0.38456943787742287
Loop2-theta45,0.21363918667028448
Loop2-theta46,0.06588121706083977
Loop2-theta47,0.5700460761810618
Loop2-theta48,0.337485680843871
Loop2-theta49,0.0838602988475039
Loop3-beta_i3,0.13221506591768306
Loop3-beta_i4,0.012936489529923545
Loop3-beta_r1,0.0577139559373826
Loop3-beta_r2,0.07989766573879076
Loop3-beta_r3,0.13259659147628677
Loop3-beta_r4,0.08174776139327244
Loop3-d_k1,0.0609160839754862
Loop3-d_k2,0.10755884321127944
Loop3-d_k3,0.0917151085506838
Loop3-d_k4,0.045072349314890126
Loop3-theta0,0.06991924403532582
Loop3-theta1,0.4899217863937622
Loop3-theta2,0.3248304584653262
Loop3-theta3,0.39123098415006674
Loop3-theta4,0.5013261485322263
Loop3-theta5,0.05648267102971446
Loop3-theta6,0.07032586361084414
Loop3-theta7,0.3339760447455825
Loop3-theta8,0.03627538970381533
Loop3-theta9,0.3949815658825213
Loop3-theta10,0.18092253696361899
Loop3-theta11,0.14366808824932542
Loop3-theta12,0.637552299177181
Loop3-theta13,0.24772254524456305
Loop3-theta14,0.07569630199710631
Loop3-theta15,0.14080245256995705
Loop3-theta16,0.14135026719875954
Loop3-theta17,0.17201490808589676
Loop3-theta18,0.13345656928606975
Loop3-theta19,0.31205644252663145
Loop3-theta20,0.20650915547697102
Loop3-theta21,0.20469121089643016
Loop3-theta22,0.08816334996213304
Loop3-theta23,0.14687785828663502
Loop3-theta24,0.49350870039612726
Loop3-theta25,0.10256619605971212
Loop3-theta26,0.03697146205160928
Loop3-theta27,0.032689151743863665
Loop3-theta28,0.06495162428944523
Loop3-theta29,0.101103911249665
Loop3-theta30,0.042891611639088945
Loop3-theta31,0.28650460208392436
Loop3-theta32,0.07412752028788318
Loop3-theta33,0.11692062055197948
Loop3-theta34,0.0320377679443411
Loop3-theta35,0.30995133920915663
Loop3-theta36,0.1949422418636658
Loop3-theta37,0.27812298745579145
Loop3-theta38,0.1799181320046177
Loop3-theta39,0.1442783065131214
Loop3-theta40,0.2869241321590385
Loop3-theta41,0.12627430093212366
Loop3-theta42,0.22806623803189818
Loop3-theta43,0.10890031857765081
Loop3-theta44,0.33794831002260817
Loop3-theta45,0.1783819778066546
Loop3-theta46,0.1769679363196871
Loop3-theta47,0.0755701942990828
Loop3-theta48,0.19779341828616578
Loop3-theta49,0.34322065045280664
Loop4-beta_i3,0.010804655903848492
Loop4-beta_i4,0.020493187757431253
Loop4-beta_r1,0.08277098597862931
Loop4-beta_r2,0.06637339957263422
Loop4-beta_r3,0.06725443056450375
Loop4-beta_r4,0.02775123799519874
Loop4-d_k1,0.05816362871369396
Loop4-d_k2,0.03844054751262718
Loop4-d_k3,0.017434172396631142
Loop4-d_k4,0.037157253597697615
Loop4-theta0,0.09439080708068548
Loop4-theta1,0.02066493435778731
Loop4-theta2,0.02205108712656001
Loop4-theta3,0.391837764344664
Loop4-theta4,0.27899816697963953
Loop4-theta5,0.2794452771311161
Loop4-theta6,0.32455233491266966
Loop4-theta7,0.11063975187594899
Loop4-theta8,0.15974847439516837
Loop4-theta9,0.057030972782654676
Loop4-theta10,0.15765278047326114
Loop4-theta11,0.6893137515810488
Loop4-theta12,0.0926582399343982
Loop4-theta13,0.14335510212501745
Loop4-theta14,0.18722241948032733
Loop4-theta15,0.11783705247702161
Loop4-theta16,0.04291903371436767
Loop4-theta17,0.3058259436552241
Loop4-theta18,0.2494376133243136
Loop4-theta19,0.21958659884357842
Loop4-theta20,0.5162888435018561
Loop4-theta21,0.24346340011945755
Loop4-theta22,1.214187694491745
Loop4-theta23,0.1092468243776385
Loop4-theta24,0.020900600511562284
Loop4-theta25,0.00865447413601872
Loop4-theta26,0.323677411235753
Loop4-theta27,0.17089698889548455
Loop4-theta28,0.014636921325363872
Loop4-theta29,0.31058601581738443
Loop4-theta30,0.5933233110946796
Loop4-theta31,0.064863890834432
Loop4-theta32,0.019350635623595014
Loop4-theta33,0.1759829611287248
Loop4-theta34,0.02198294689668545
Loop4-theta35,0.4220639362327465
Loop4-theta36,0.12650177364428306
Loop4-theta37,0.07356770558355935
Loop4-theta38,0.20404050397062545
Loop4-theta39,0.09251213287834793
Loop4-theta40,0.15015778163346616
Loop4-theta41,0.37775546397277293
Loop4-theta42,0.15140203399267743
Loop4-theta43,0.3131516950171054
Loop4-theta44,0.0926347125121244
Loop4-theta45,0.0246782285976761
Loop4-theta46,0.07237393403454173
Loop4-theta47,0.04388219341813876
Loop4-theta48,0.16998924482634986
Loop4-theta49,0.14835077684992493
Loop5-beta_i3,0.019002402148530995
Loop5-beta_i4,0.10525272889237802
Loop5-beta_r1,0.10805905251769099
Loop5-beta_r2,0.035537379418694115
Loop5-beta_r3,0.03518662897171404
Loop5-beta_r4,0.013092144967615571
Loop5-d_k1,0.029072978592117327
Loop5-d_k2,0.2048948921524174
Loop5-d_k3,0.18807204180012282
Loop5-d_k4,0.012250128239823077
Loop5-theta0,0.3513956419277766
Loop5-theta1,0.40690428305195997
Loop5-theta2,0.3713699030042348
Loop5-theta3,0.05287093995622372
Loop5-theta4,0.36779143006525916
Loop5-theta5,0.21188113888821336
Loop5-theta6,0.03225750316356457
Loop5-theta7,0.2989579962590091
Loop5-theta8,0.1306417768487318
Loop5-theta9,0.44215811723631915
Loop5-theta10,0.1970375231999395
Loop5-theta11,0.15340143064956838
Loop5-theta12,0.2643101166598112
Loop5-theta13,0.3209384599258612
Loop5-theta14,0.11525067360999752
Loop5-theta15,0.13194967742384245
Loop5-theta16,0.5433128547908805
Loop5-theta17,0.1215609232455992
Loop5-theta18,0.12503198375831048
Loop5-theta19,0.40910922203422584
Loop5-theta20,0.026157179276832254
Loop5-theta21,0.1860843838909595
Loop5-theta22,0.029221141515374693
Loop5-theta23,0.21549284963605198
Loop5-theta24,0.1453110494432257
Loop5-theta25,0.12595249156387478
Loop5-theta26,0.06852521782847121
Loop5-theta27,0.5168495724211195
Loop5-theta28,0.004369308138785666
Loop5-theta29,0.056434817809858706
Loop5-theta30,0.05094261678929696
Loop5-theta31,0.17414912933094806
Loop5-theta32,0.3583211969405765
Loop5-theta33,0.02673877783991574
Loop5-theta34,0.05099972172820766
Loop5-theta35,0.11338101664885253
Loop5-theta36,0.3468952031494609
Loop5-theta37,0.4347385739853978
Loop5-theta38,0.1537703222263202
Loop5-theta39,0.2001189855665138
Loop5-theta40,0.04464996365860496
Loop5-theta41,0.24717528481566675
Loop5-theta42,0.028091946249797495
Loop5-theta43,0.5066163296413382
Loop5-theta44,0.16150909959677784
Loop5-theta45,0.047318132614145324
Loop5-theta46,0.30702836404497225
Loop5-theta47,0.6687378850348504
Loop5-theta48,0.02131849942999971
Loop5-theta49,0.8152005043377704
Loop6-beta_i3,0.059350480282106544
Loop6-beta_i4,0.07071829489786008
Loop6-beta_r1,0.01632661122785939
Loop6-beta_r2,0.04882399799928072
Loop6-beta_r3,0.015558174646176592
Loop6-beta_r4,0.13488304093367176
Loop6-d_k1,0.05430419982878831
Loop6-d_k2,0.033302643413897104
Loop6-d_k3,0.004733708659197089
Loop6-d_k4,0.01626784775569501
Loop6-theta0,0.10903222700365012
Loop6-theta1,0.04943152129467504
Loop6-theta2,0.4838804083360295
Loop6-theta3,0.017229323205987468
Loop6-theta4,0.10681585387547254
Loop6-theta5,0.29345603158683
Loop6-theta6,0.1468609830000845
Loop6-theta7,0.19748478381407397
Loop6-theta8,0.0254350064213561
Loop6-theta9,0.12403708562063986
Loop6-theta10,0.14073828448402687
Loop6-theta11,0.19791706799804265
Loop6-theta12,0.0880132562003238
Loop6-theta13,0.16173242758300388
Loop6-theta14,0.228391029025097
Loop6-theta15,0.309755362884399
Loop6-theta16,0.5867633176855135
Loop6-theta17,0.07208670678435558
Loop6-theta18,0.21063875728721504
Loop6-theta19,0.1296651896867939
Loop6-theta20,0.22355563900761724
Loop6-theta21,0.40615947392658547
Loop6-theta22,0.19450755686036403
Loop6-theta23,0.09190060900337288
Loop6-theta24,0.08912122107359671
Loop6-theta25,0.16984457943219516
Loop6-theta26,0.04866235556680454
Loop6-theta27,0.22160353623005835
Loop6-theta28,0.10115302722969566
Loop6-theta29,0.25408528768066063
Loop6-theta30,0.21046133685104595
Loop6-theta31,0.13819732550106334
Loop6-theta32,0.02742854748988499
Loop6-theta33,0.032059682020932456
Loop6-theta34,0.10721047671230283
Loop6-theta35,0.1266338900650425
Loop6-theta36,0.11101132891256915
Loop6-theta37,0.17500634289120587
Loop6-theta38,0.2615599854155868
Loop6-theta39,0.08677899559488833
Loop6-theta40,0.1995341204559251
Loop6-theta41,0.14374667039651443
Loop6-theta42,0.17300705283974982
Loop6-theta43,0.1876569731471185
Loop6-theta44,0.147918926880084
Loop6-theta45,0.12441134548773669
Loop6-theta46,0.03526715548791198
Loop6-theta47,0.0417869263973456
Loop6-theta48,0.4655036194935619
Loop6-theta49,0.13813303869347138
Loop7-beta_i3,0.09365511230692072
Loop7-beta_i4,0.060008938284880964
Loop7-beta_r1,0.05539318954629402
Loop7-beta_r2,0.042440732444640694
Loop7-beta_r3,0.030746460550202137
Loop7-beta_r4,0.18919707503493333
Loop7-d_k1,0.05468624282021384
Loop7-d_k2,0.006310669766865132
Loop7-d_k3,0.028803169514499766
Loop7-d_k4,0.0771787425678484
Loop7-theta0,0.1000867824122319
Loop7-theta1,0.09875339530354174
Loop7-theta2,0.38155825717995423
Loop7-theta3,0.2723932972146994
Loop7-theta4,0.05041963883662115
Loop7-theta5,0.18070131877122386
Loop7-theta6,0.03399047789576004
Loop7-theta7,0.24540452750918396
Loop7-theta8,0.21431219059257312
Loop7-theta9,0.03401345896333785
Loop7-theta10,0.024807007448300264
Loop7-theta11,0.12035923653486091
Loop7-theta12,0.05652578922341722
Loop7-theta13,0.3126145129455108
Loop7-theta14,0.13359339349104782
Loop7-theta15,0.17648878472676566
Loop7-theta16,0.04424056752240335
Loop7-theta17,0.12322038757907805
Loop7-theta18,0.3830887291030832
Loop7-theta19,0.04742565266540333
Loop7-theta20,0.12128200344960827
Loop7-theta21,0.14369024406022612
Loop7-theta22,0.1527888037835281
Loop7-theta23,0.03573737530531618
Loop7-theta24,0.14771983736474636
Loop7-theta25,5.299295749582322E-4
Loop7-theta26,0.32088348838770764
Loop7-theta27,0.06764056808235441
Loop7-theta28,0.02441811521081838
Loop7-theta29,0.0810945931554965
Loop7-theta30,0.07628695140517333
Loop7-theta31,0.8945212795707822
Loop7-theta32,0.15740910266833452
Loop7-theta33,0.10557871564425639
Loop7-theta34,0.24173300693133415
Loop7-theta35,0.20426481161293902
Loop7-theta36,0.4018995586106191
Loop7-theta37,0.2641463492474031
Loop7-theta38,0.191406211337249
Loop7-theta39,0.24338156578170217
Loop7-theta40,0.3034918394808247
Loop7-theta41,0.10861019724262189
Loop7-theta42,0.27311245349660673
Loop7-theta43,0.010010738255466611
Loop7-theta44,0.13132901317780693
Loop7-theta45,0.1418401338491132
Loop7-theta46,0.13341106749303444
Loop7-theta47,1.1442709781240468
Loop7-theta48,0.4855048371821237
Loop7-theta49,0.0746972659752422
Loop8-beta_i3,0.0182321716713455
Loop8-beta_i4,0.07393561386804237
Loop8-beta_r1,0.016347578798551754
Loop8-beta_r2,0.07336891082468028
Loop8-beta_r3,0.15743862874233017
Loop8-beta_r4,0.04139602368954253
Loop8-d_k1,0.059768964804556846
Loop8-d_k2,0.0786287579797954
Loop8-d_k3,0.04239584907515906
Loop8-d_k4,0.023536055899919806
Loop8-theta0,0.09301969183265335
Loop8-theta1,0.23535518237182818
Loop8-theta2,0.08584452809279708
Loop8-theta3,0.06439266451748782
Loop8-theta4,0.008875860204504815
Loop8-theta5,0.12798889591443516
Loop8-theta6,0.07672948907555177
Loop8-theta7,0.061782719996581914
Loop8-theta8,0.028366785549457374
Loop8-theta9,0.4140274552825258
Loop8-theta10,0.20630362791916756
Loop8-theta11,0.19156804841981345
Loop8-theta12,0.03938846270616514
Loop8-theta13,0.014131433683899464
Loop8-theta14,0.3398161676789112
Loop8-theta15,0.27413500088021736
Loop8-theta16,0.3463178934251372
Loop8-theta17,0.031136509953038072
Loop8-theta18,0.04919777582300533
Loop8-theta19,0.1523839660898949
Loop8-theta20,0.14571916406047264
Loop8-theta21,0.171723763865249
Loop8-theta22,0.4074205031963647
Loop8-theta23,0.28890961274770666
Loop8-theta24,0.16124965752820986
Loop8-theta25,0.20129146096723688
Loop8-theta26,0.2077288225099263
Loop8-theta27,0.17594576511576643
Loop8-theta28,0.1353983370855472
Loop8-theta29,0.25751548670980495
Loop8-theta30,0.10676605856842203
Loop8-theta31,0.43477735230517944
Loop8-theta32,0.37504200180125913
Loop8-theta33,0.037769894608032595
Loop8-theta34,0.24881660070370226
Loop8-theta35,0.12285015070513716
Loop8-theta36,0.10315905766710975
Loop8-theta37,0.06491431401010933
Loop8-theta38,0.05896960303721316
Loop8-theta39,0.030986084832562155
Loop8-theta40,0.03329886377297542
Loop8-theta41,0.012002696792742684
Loop8-theta42,0.4531913638348636
Loop8-theta43,0.21781380752022633
Loop8-theta44,0.3335497119649274
Loop8-theta45,0.1749385557337011
Loop8-theta46,0.10420965892241375
Loop8-theta47,0.06957784967452363
Loop8-theta48,0.3167767154010473
Loop8-theta49,0.2552221316506673
Loop9-beta_i3,0.22104486661448164
Loop9-beta_i4,0.11585039058001256
Loop9-beta_r1,0.12170911869561257
Loop9-beta_r2,0.029375396454265124
Loop9-beta_r3,0.07771164633017763
Loop9-beta_r4,0.1319127106163399
Loop9-d_k1,0.03814280274754389
Loop9-d_k2,0.01584078334452621
Loop9-d_k3,0.026787990567002828
Loop9-d_k4,0.04909000997002044
Loop9-theta0,0.06669214236720777
Loop9-theta1,0.13529039983430635
Loop9-theta2,0.00349089896786145
Loop9-theta3,0.044101652005613
Loop9-theta4,0.026864391891708153
Loop9-theta5,0.1966452810590753
Loop9-theta6,0.026097234238425138
Loop9-theta7,0.09027417424434597
Loop9-theta8,0.15989383882685382
Loop9-theta9,0.102874028284999
Loop9-theta10,0.2115391275865957
Loop9-theta11,0.00762947748564069
Loop9-theta12,0.5032010918058332
Loop9-theta13,0.06947373871366358
Loop9-theta14,0.029465750837528823
Loop9-theta15,0.32404429907634946
Loop9-theta16,0.02720298638737023
Loop9-theta17,0.2524179411971202
Loop9-theta18,0.02534299682334029
Loop9-theta19,0.4535002131706922
Loop9-theta20,0.025605830391292272
Loop9-theta21,0.10576015420917292
Loop9-theta22,0.0863381649351137
Loop9-theta23,0.22215993469516548
Loop9-theta24,0.07521229682836555
Loop9-theta25,0.5485305105740235
Loop9-theta26,0.7902027442952573
Loop9-theta27,0.24359109895107492
Loop9-theta28,0.3977626051188139
Loop9-theta29,0.001898850566287802
Loop9-theta30,0.06858750264584712
Loop9-theta31,0.29504524816644817
Loop9-theta32,0.17007505276788631
Loop9-theta33,0.029025596280227384
Loop9-theta34,0.24641622062981572
Loop9-theta35,0.22934585664866325
Loop9-theta36,0.1382560192436172
Loop9-theta37,0.18704437920116745
Loop9-theta38,0.0017259743156333718
Loop9-theta39,0.026849334682743746
Loop9-theta40,0.29543441932461445
Loop9-theta41,0.5412590155499585
Loop9-theta42,0.21507297750047366
Loop9-theta43,0.16013686095092328
Loop9-theta44,0.07096658402059641
Loop9-theta45,0.035099066727932504
Loop9-theta46,0.29812206767089156
Loop9-theta47,0.20862748900213635
Loop9-theta48,0.3567195156907618
Loop9-theta49,0.3926069718723957
Loop10-beta_i3,0.070352600265603
Loop10-beta_i4,6.377588590997796E-4
Loop10-beta_r1,0.04123407143026764
Loop10-beta_r2,0.15498113280418635
Loop10-beta_r3,0.11352508629841584
Loop10-beta_r4,0.1879785455250308
Loop10-d_k1,0.16669821506711835
Loop10-d_k2,0.1345168761176042
Loop10-d_k3,0.1947735830350512
Loop10-d_k4,0.16259224408553608
Loop10-theta0,0.26760360579362963
Loop10-theta1,0.1917937994610075
Loop10-theta2,0.3342843979333239
Loop10-theta3,0.11105875947039268
Loop10-theta4,0.43754697122949743
Loop10-theta5,0.10284859260305014
Loop10-theta6,0.1143355241095097
Loop10-theta7,0.20285124322448356
Loop10-theta8,0.10878150006471743
Loop10-theta9,0.0019527482516773498
Loop10-theta10,0.47365810209463044
Loop10-theta11,0.34864401110631915
Loop10-theta12,0.13302231947534904
Loop10-theta13,0.05845669057640113
Loop10-theta14,0.20420377241319343
Loop10-theta15,0.0049104156192743
Loop10-theta16,0.17812361549373912
Loop10-theta17,0.07017668306669661
Loop10-theta18,0.037744051312492144
Loop10-theta19,0.2810003570691145
Loop10-theta20,0.030443322262208805
Loop10-theta21,0.21906073531061288
Loop10-theta22,0.06163728625852408
Loop10-theta23,0.6052063404575869
Loop10-theta24,0.3051837314259829
Loop10-theta25,0.19260009563466543
Loop10-theta26,0.013302690264014982
Loop10-theta27,0.2819770245146487
Loop10-theta28,0.3104856848680003
Loop10-theta29,0.11722609393008776
Loop10-theta30,0.5186437573094034
Loop10-theta31,0.20840723117809468
Loop10-theta32,0.19445057759561424
Loop10-theta33,0.17554557590776051
Loop10-theta34,0.28907480140170416
Loop10-theta35,0.2835056916028995
Loop10-theta36,0.13651303484460797
Loop10-theta37,0.2637406432215308
Loop10-theta38,0.0168887960486781
Loop10-theta39,0.10298542112943027
Loop10-theta40,0.12364654123214147
Loop10-theta41,0.05530831238625267
Loop10-theta42,0.2039713165165219
Loop10-theta43,0.33287223905072966
Loop10-theta44,0.016660517246896878
Loop10-theta45,0.15500544343524347
Loop10-theta46,0.012545771015681995
Loop10-theta47,0.5137469850955597
Loop10-theta48,0.1340659793586903
Loop10-theta49,0.017228155530203404
Loop11-beta_i3,0.04632957906377211
Loop11-beta_i4,0.0015008475288922907
Loop11-beta_r1,0.10280974071575472
Loop11-beta_r2,0.07295050374340442
Loop11-beta_r3,0.040455453428398624
Loop11-beta_r4,0.07194944794129188
Loop11-d_k1,0.05033386535173162
Loop11-d_k2,0.021148400268029277
Loop11-d_k3,0.0664520006018621
Loop11-d_k4,0.0956374656855643
Loop11-theta0,0.347266330531344
Loop11-theta1,0.24053352755073787
Loop11-theta2,0.08910890393148252
Loop11-theta3,0.11000223103050344
Loop11-theta4,0.05447836728143135
Loop11-theta5,0.2555634523133159
Loop11-theta6,0.09229784563964594
Loop11-theta7,0.7467597656179451
Loop11-theta8,0.5887740819743678
Loop11-theta9,0.04517226124236062
Loop11-theta10,0.5144254898678714
Loop11-theta11,0.09615326231417567
Loop11-theta12,0.2031805516009032
Loop11-theta13,0.31155353431792054
Loop11-theta14,0.35671123004592575
Loop11-theta15,0.03169036032990957
Loop11-theta16,0.17588307551079235
Loop11-theta17,0.022853298825573975
Loop11-theta18,0.24449097588421903
Loop11-theta19,0.20408755535714176
Loop11-theta20,0.34270452593558587
Loop11-theta21,0.4180262010336776
Loop11-theta22,0.15101331484454272
Loop11-theta23,0.3432955167724738
Loop11-theta24,0.29991754272031246
Loop11-theta25,0.29745487820300465
Loop11-theta26,0.07912543151224272
Loop11-theta27,0.039484127250732
Loop11-theta28,0.22232553251620435
Loop11-theta29,0.41210751346497776
Loop11-theta30,0.3821628629240478
Loop11-theta31,0.12983851438336574
Loop11-theta32,0.03649572691483868
Loop11-theta33,0.19175981710794077
Loop11-theta34,0.30395063606657374
Loop11-theta35,0.10125367115602346
Loop11-theta36,0.25476828207544466
Loop11-theta37,0.48145303055573585
Loop11-theta38,0.2512640567654979
Loop11-theta39,0.16293577524888597
Loop11-theta40,0.26491811319219494
Loop11-theta41,0.09632096490802733
Loop11-theta42,0.14500975838719043
Loop11-theta43,0.19811935740170034
Loop11-theta44,0.18782214109471507
Loop11-theta45,0.2416808452937147
Loop11-theta46,0.05558053109370498
Loop11-theta47,0.16958736234263386
Loop11-theta48,0.06873973538467781
Loop11-theta49,0.5210369405057049
Loop12-beta_i3,0.05325257025651964
Loop12-beta_i4,0.16694238804402395
Loop12-beta_r1,0.06408883605328064
Loop12-beta_r2,0.025933490498682543
Loop12-beta_r3,0.06331529938342373
Loop12-beta_r4,0.04925890214159856
Loop12-d_k1,0.00796698581516786
Loop12-d_k2,0.07664311569422336
Loop12-d_k3,0.0029096946535403234
Loop12-d_k4,0.08751979616293237
Loop12-theta0,0.047794138328578595
Loop12-theta1,0.03271971867179424
Loop12-theta2,0.5369583170299761
Loop12-theta3,0.18205133976693533
Loop12-theta4,0.05884783725765064
Loop12-theta5,0.16629660896133092
Loop12-theta6,0.23150092571905245
Loop12-theta7,0.1619489051543168
Loop12-theta8,0.4567072781521468
Loop12-theta9,0.10016815228421119
Loop12-theta10,0.15050669812768028
Loop12-theta11,0.19330139112195455
Loop12-theta12,0.07673038437222957
Loop12-theta13,0.359568343939304
Loop12-theta14,0.26823663903262884
Loop12-theta15,0.030019529837542525
Loop12-theta16,0.2953740010509175
Loop12-theta17,0.16146962192052194
Loop12-theta18,0.3623995687015775
Loop12-theta19,0.11422600373055491
Loop12-theta20,0.1884499314485466
Loop12-theta21,0.4841510729102354
Loop12-theta22,0.04311610204184141
Loop12-theta23,0.0424009059623337
Loop12-theta24,0.4573193859054847
Loop12-theta25,0.09376372992546522
Loop12-theta26,0.39426102772943883
Loop12-theta27,0.031157040426503135
Loop12-theta28,0.0196029485911835
Loop12-theta29,0.4588658961968173
Loop12-theta30,0.4579568945965633
Loop12-theta31,0.38298976050823036
Loop12-theta32,0.07957670775718195
Loop12-theta33,0.07918741668066342
Loop12-theta34,0.14626151964661657
Loop12-theta35,0.26459700743938397
Loop12-theta36,0.3457928373173319
Loop12-theta37,0.06651374344878219
Loop12-theta38,0.1774854240235183
Loop12-theta39,0.47215055900694286
Loop12-theta40,0.23767594847682183
Loop12-theta41,0.10955710844555983
Loop12-theta42,0.052606231358523214
Loop12-theta43,0.2716624847253737
Loop12-theta44,0.12200079828590005
Loop12-theta45,0.23403121080719508
Loop12-theta46,0.15212676254525648
Loop12-theta47,0.31747912499984443
Loop12-theta48,0.03759144583432006
Loop12-theta49,0.16186288018901596
Loop13-beta_i3,0.0886027564236258
Loop13-beta_i4,0.05296933305294724
Loop13-beta_r1,0.006099784205366499
Loop13-beta_r2,0.09299607948699684
Loop13-beta_r3,0.02292322644603545
Loop13-beta_r4,0.07429558830170893
Loop13-d_k1,0.11440274182889532
Loop13-d_k2,0.041719439548831505
Loop13-d_k3,0.015300151839339526
Loop13-d_k4,0.08798345411940178
Loop13-theta0,9.674796765026805E-4
Loop13-theta1,0.3186183986822735
Loop13-theta2,0.5622215728557598
Loop13-theta3,0.15317258268027545
Loop13-theta4,0.2981474335380907
Loop13-theta5,0.16277928613554182
Loop13-theta6,0.3044061656390108
Loop13-theta7,0.1157018125785595
Loop13-theta8,0.5409879720683082
Loop13-theta9,0.2756409677231791
Loop13-theta10,0.32384584630394797
Loop13-theta11,0.15828748243150714
Loop13-theta12,0.05212548161899877
Loop13-theta13,0.3161905467305022
Loop13-theta14,0.2993294276756632
Loop13-theta15,0.38177568349692237
Loop13-theta16,0.29752095125675965
Loop13-theta17,0.24736109191942895
Loop13-theta18,0.09624541622084722
Loop13-theta19,0.23902212859339134
Loop13-theta20,0.16171835554493702
Loop13-theta21,0.10295175881701302
Loop13-theta22,0.3295792442856468
Loop13-theta23,0.008971156114865347
Loop13-theta24,0.238524189796209
Loop13-theta25,0.21720926015116637
Loop13-theta26,0.18224102814954146
Loop13-theta27,0.23687924107398606
Loop13-theta28,0.19627082973362042
Loop13-theta29,0.2268613140847296
Loop13-theta30,0.46644986369930186
Loop13-theta31,0.031681871647771254
Loop13-theta32,0.43556987772579436
Loop13-theta33,0.35339716528447346
Loop13-theta34,0.3899669557213975
Loop13-theta35,0.14610261995614302
Loop13-theta36,0.06636859413833185
Loop13-theta37,0.07025497013237192
Loop13-theta38,0.7538642797259696
Loop13-theta39,0.02698626772338908
Loop13-theta40,0.09831063409096485
Loop13-theta41,0.6554901770593697
Loop13-theta42,0.33979894706438785
Loop13-theta43,0.13110852740466408
Loop13-theta44,0.2093884638348038
Loop13-theta45,0.11609658897359432
Loop13-theta46,0.08573807425028407
Loop13-theta47,0.12876401783095814
Loop13-theta48,0.15984850306490864
Loop13-theta49,0.013934944538634086
Loop14-beta_i3,0.15315968124952772
Loop14-beta_i4,0.0536220717893503
Loop14-beta_r1,0.07003586445934795
Loop14-beta_r2,0.15588752100875286
Loop14-beta_r3,0.12341518504857985
Loop14-beta_r4,0.24058041691713106
Loop14-d_k1,0.22548242822988318
Loop14-d_k2,0.11360230058799775
Loop14-d_k3,0.08368691268266065
Loop14-d_k4,0.19556704032454664
Loop14-theta0,0.4465614617740278
Loop14-theta1,0.002655283542880138
Loop14-theta2,0.030218655066302842
Loop14-theta3,0.4006673644070934
Loop14-theta4,0.11129654117393611
Loop14-theta5,0.17908066401992184
Loop14-theta6,0.008294372121932847
Loop14-theta7,0.06577958094009151
Loop14-theta8,0.157380489998885
Loop14-theta9,0.14405931438695085
Loop14-theta10,0.44323357380797246
Loop14-theta11,0.10279388530204714
Loop14-theta12,0.2509918061304335
Loop14-theta13,0.09836261597965762
Loop14-theta14,0.059284803601846625
Loop14-theta15,0.2547184245689791
Loop14-theta16,0.3457288292103422
Loop14-theta17,0.14346253445177048
Loop14-theta18,0.17773083196114728
Loop14-theta19,0.01907682997722754
Loop14-theta20,0.054797955886254135
Loop14-theta21,0.05576953118860062
Loop14-theta22,0.11273440528635234
Loop14-theta23,0.04445538779897562
Loop14-theta24,0.01619862615068579
Loop14-theta25,0.09851019393757299
Loop14-theta26,0.0372223282464611
Loop14-theta27,0.24805549668360338
Loop14-theta28,0.26320308727609576
Loop14-theta29,0.1392146012597045
Loop14-theta30,0.07963938576739582
Loop14-theta31,0.1071766860013359
Loop14-theta32,0.2293665720018696
Loop14-theta33,0.7299461589153845
Loop14-theta34,0.16103701075796817
Loop14-theta35,0.06338874594696065
Loop14-theta36,0.31882008715032006
Loop14-theta37,0.11106747162905561
Loop14-theta38,0.009627162807784695
Loop14-theta39,0.24610811905872598
Loop14-theta40,0.30320190683486814
Loop14-theta41,0.12792529069534586
Loop14-theta42,0.006147666758257182
Loop14-theta43,0.02509886819713192
Loop14-theta44,0.05273261284603786
Loop14-theta45,0.09367761254914975
Loop14-theta46,0.1398306951277527
Loop14-theta47,0.4971484114105165
Loop14-theta48,0.0862786513790317
Loop14-theta49,0.676866546610572
Loop15-beta_i3,0.010774875695356068
Loop15-beta_i4,0.006654664396166021
Loop15-beta_r1,0.14327017753850524
Loop15-beta_r2,0.1950253822029078
Loop15-beta_r3,0.045570455798113585
Loop15-beta_r4,0.05586914026393863
Loop15-d_k1,0.17051020185143906
Loop15-d_k2,0.07669673301323462
Loop15-d_k3,0.12501647249661835
Loop15-d_k4,0.031203003658412776
Loop15-theta0,0.26929685508263385
Loop15-theta1,0.22615627658757345
Loop15-theta2,0.18233845722339415
Loop15-theta3,0.17481302523394082
Loop15-theta4,0.1605416715775254
Loop15-theta5,0.14341332956168884
Loop15-theta6,0.11799994359058605
Loop15-theta7,0.16609971226664944
Loop15-theta8,0.03414367613965069
Loop15-theta9,0.06382926716288617
Loop15-theta10,0.19082850126380424
Loop15-theta11,0.32297441007231287
Loop15-theta12,0.19984080594632414
Loop15-theta13,0.07109127344591148
Loop15-theta14,0.13181525648584103
Loop15-theta15,0.36242973033280823
Loop15-theta16,0.26682662440094673
Loop15-theta17,0.11767625345893795
Loop15-theta18,0.3517118798652644
Loop15-theta19,0.2044330053994926
Loop15-theta20,0.1059341700085763
Loop15-theta21,0.13284796664721954
Loop15-theta22,0.19825253774191026
Loop15-theta23,0.1581507661511023
Loop15-theta24,0.18578018921495199
Loop15-theta25,0.22844608384835685
Loop15-theta26,0.22097188900406156
Loop15-theta27,0.12480459030756451
Loop15-theta28,0.4257899885749167
Loop15-theta29,0.4678354621009567
Loop15-theta30,0.5546606118458275
Loop15-theta31,0.2600856146776575
Loop15-theta32,0.21019842058214644
Loop15-theta33,0.08060351767481555
Loop15-theta34,0.14325467447648702
Loop15-theta35,0.3437070292010349
Loop15-theta36,0.39406898022629244
Loop15-theta37,0.2678100737245183
Loop15-theta38,0.4797007325069479
Loop15-theta39,0.027754185203408208
Loop15-theta40,0.1434710683219551
Loop15-theta41,0.0748485559492838
Loop15-theta42,0.1055725486619834
Loop15-theta43,0.010223685254059811
Loop15-theta44,0.2021217351107108
Loop15-theta45,0.1321648224705918
Loop15-theta46,0.3317818522536097
Loop15-theta47,0.1403234341987019
Loop15-theta48,0.05160472316384067
Loop15-theta49,0.01192143637634846
Loop16-beta_i3,0.0817220552048683
Loop16-beta_i4,0.1385073819768567
Loop16-beta_r1,0.15273056274729652
Loop16-beta_r2,0.09919156603150969
Loop16-beta_r3,0.11268713553022158
Loop16-beta_r4,0.03468143281536784
Loop16-d_k1,0.14210811789148114
Loop16-d_k2,0.0662187456584443
Loop16-d_k3,0.05601799454668907
Loop16-d_k4,0.1319073667797258
Loop16-theta0,0.15540083807270616
Loop16-theta1,0.02188333995925751
Loop16-theta2,0.05054196643799369
Loop16-theta3,0.05350810492103397
Loop16-theta4,0.10882000169523143
Loop16-theta5,0.0217039580901775
Loop16-theta6,0.06269507057633328
Loop16-theta7,0.4100765666177302
Loop16-theta8,0.04489105191556908
Loop16-theta9,0.16909280925361336
Loop16-theta10,0.07711944699532447
Loop16-theta11,0.14353396973013502
Loop16-theta12,0.031101690844929863
Loop16-theta13,0.1974891565761493
Loop16-theta14,0.2139304736422443
Loop16-theta15,0.2507287602935945
Loop16-theta16,0.12546694177127488
Loop16-theta17,0.2218445415333925
Loop16-theta18,0.14834141236144704
Loop16-theta19,0.17538074717260854
Loop16-theta20,0.080093886584365
Loop16-theta21,0.04172875627914996
Loop16-theta22,0.00701679342968986
Loop16-theta23,0.12214457179672206
Loop16-theta24,0.06605412009237432
Loop16-theta25,0.18367654752538454
Loop16-theta26,0.08368573231075283
Loop16-theta27,0.026564071420509844
Loop16-theta28,0.02884052686007954
Loop16-theta29,0.3350312168278633
Loop16-theta30,0.12330392931736536
Loop16-theta31,0.16512578815876744
Loop16-theta32,0.4386462728869489
Loop16-theta33,0.5070541931666257
Loop16-theta34,0.18605551051265123
Loop16-theta35,0.3271620858154276
Loop16-theta36,0.1350524498401252
Loop16-theta37,0.053153277645078933
Loop16-theta38,0.2766386963404849
Loop16-theta39,0.11324671811771223
Loop16-theta40,0.3864664994013002
Loop16-theta41,0.2578753640181305
Loop16-theta42,0.3379730787947237
Loop16-theta43,0.14365874641309323
Loop16-theta44,0.3384316159423977
Loop16-theta45,0.615600508320189
Loop16-theta46,0.03741095969861216
Loop16-theta47,0.25828442466327367
Loop16-theta48,0.5037644977816128
Loop16-theta49,0.12657570450568006
Loop17-beta_i3,0.057145542158274054
Loop17-beta_i4,0.00238633762781415
Loop17-beta_r1,0.11659955439480885
Loop17-beta_r2,0.10725778070738734
Loop17-beta_r3,0.024656826321061837
Loop17-beta_r4,0.14680073158972684
Loop17-d_k1,0.0029405368233577645
Loop17-d_k2,0.04930062955088077
Loop17-d_k3,0.06680454775264162
Loop17-d_k4,0.020444455025118824
Loop17-theta0,0.1796078069732876
Loop17-theta1,0.35474206476086434
Loop17-theta2,0.1970874652930823
Loop17-theta3,0.06170654747156701
Loop17-theta4,0.2435650712766486
Loop17-theta5,0.46698924318975776
Loop17-theta6,0.03350397226772417
Loop17-theta7,0.08094140038550246
Loop17-theta8,0.11687963596728923
Loop17-theta9,0.0014495890955469326
Loop17-theta10,0.08567932981852709
Loop17-theta11,0.03277434471989155
Loop17-theta12,0.03392550986501025
Loop17-theta13,0.14291987449595694
Loop17-theta14,0.061373091157273414
Loop17-theta15,0.19851023350979305
Loop17-theta16,0.11210276234002342
Loop17-theta17,0.04264539608765505
Loop17-theta18,0.1213423544688873
Loop17-theta19,0.012091674968010098
Loop17-theta20,0.1403724260649608
Loop17-theta21,0.06524373736088622
Loop17-theta22,0.1962704146032903
Loop17-theta23,0.1368242725402844
Loop17-theta24,0.0837966604407765
Loop17-theta25,0.014093101258462748
Loop17-theta26,0.3772409044466911
Loop17-theta27,0.04128667314084089
Loop17-theta28,0.09894949105973133
Loop17-theta29,0.21296580719921782
Loop17-theta30,0.19120489761478443
Loop17-theta31,0.18302266160458447
Loop17-theta32,0.3019483951198567
Loop17-theta33,0.057123941001676615
Loop17-theta34,0.10852487956667634
Loop17-theta35,0.062035226907126595
Loop17-theta36,0.008778914867536042
Loop17-theta37,0.37755918064889
Loop17-theta38,0.13745708462327427
Loop17-theta39,0.4125081679711964
Loop17-theta40,0.0657929556619189
Loop17-theta41,0.06317452574680826
Loop17-theta42,0.33473817025482844
Loop17-theta43,0.17985435475880962
Loop17-theta44,0.06648900505444377
Loop17-theta45,0.12798270621879448
Loop17-theta46,0.12040917244140734
Loop17-theta47,0.05892811910813467
Loop17-theta48,0.08288786386934341
Loop17-theta49,0.39007754835046243
Loop18-beta_i3,0.1400321591177971
Loop18-beta_i4,0.03832417595211279
Loop18-beta_r1,0.1507632365573417
Loop18-beta_r2,0.03914993358859656
Loop18-beta_r3,0.171289755337674
Loop18-beta_r4,0.08151027824266266
Loop18-d_k1,0.03390515164820329
Loop18-d_k2,0.061816382438679485
Loop18-d_k3,0.1200810088679718
Loop18-d_k4,0.024359474781088353
Loop18-theta0,0.1098842123693818
Loop18-theta1,0.11922438855434725
Loop18-theta2,0.28104634452660804
Loop18-theta3,0.2605976076005738
Loop18-theta4,0.11426369826458871
Loop18-theta5,0.4068132618568901
Loop18-theta6,0.4326943534193809
Loop18-theta7,0.26026913721207345
Loop18-theta8,0.2503646599466016
Loop18-theta9,0.03279418548604818
Loop18-theta10,0.03735170327635351
Loop18-theta11,0.2548705315001968
Loop18-theta12,0.09670202334196998
Loop18-theta13,0.3501890706158052
Loop18-theta14,0.5326057494714251
Loop18-theta15,0.16127869677401288
Loop18-theta16,0.25056293831368776
Loop18-theta17,0.22482803643475086
Loop18-theta18,0.15635292727894634
Loop18-theta19,0.34923979815159273
Loop18-theta20,0.4589668613617651
Loop18-theta21,0.05782136137741681
Loop18-theta22,0.5267892930712468
Loop18-theta23,0.08358942615221687
Loop18-theta24,0.569428484584748
Loop18-theta25,0.06770553263283685
Loop18-theta26,0.18200584400381414
Loop18-theta27,0.08637687827606544
Loop18-theta28,0.06318397957616256
Loop18-theta29,0.04818837749982918
Loop18-theta30,0.16688894393756992
Loop18-theta31,0.03521332270993427
Loop18-theta32,0.012818796582278691
Loop18-theta33,0.4657530598502835
Loop18-theta34,0.16353495907999652
Loop18-theta35,0.1979684279932492
Loop18-theta36,0.2019117600929406
Loop18-theta37,0.11982505926641807
Loop18-theta38,0.011492716769431977
Loop18-theta39,0.28279052458253595
Loop18-theta40,0.23774439834203687
Loop18-theta41,0.34801816427896554
Loop18-theta42,0.10868273520188343
Loop18-theta43,0.20754140377944663
Loop18-theta44,0.21303214151638686
Loop18-theta45,0.5061559891590345
Loop18-theta46,0.2183797210656041
Loop18-theta47,0.4481832806857555
Loop18-theta48,0.1583921337444896
Loop18-theta49,0.1895172023560615
Loop19-beta_i3,0.1755970883947504
Loop19-beta_i4,0.10078237883055174
Loop19-beta_r1,0.02076011763896135
Loop19-beta_r2,0.18687138833665345
Loop19-beta_r3,0.20073347568747718
Loop19-beta_r4,0.049739878641445356
Loop19-d_k1,0.027432740504297115
Loop19-d_k2,0.053817721131041885
Loop19-d_k3,0.07172921633552809
Loop19-d_k4,0.09811419696227319
Loop19-theta0,0.14821713913295928
Loop19-theta1,0.02931946191737611
Loop19-theta2,0.24430673754823096
Loop19-theta3,0.1718481745149213
Loop19-theta4,0.3239405348063429
Loop19-theta5,0.4763370630271948
Loop19-theta6,0.24264732579632453
Loop19-theta7,0.01058309989229228
Loop19-theta8,0.2559547261526346
Loop19-theta9,0.16114704999019708
Loop19-theta10,0.12983727429628944
Loop19-theta11,0.20418383173884203
Loop19-theta12,0.08845116926185242
Loop19-theta13,0.17861533311126976
Loop19-theta14,0.007591201420713123
Loop19-theta15,0.09313394002928294
Loop19-theta16,0.07874764731525885
Loop19-theta17,0.18766663518049082
Loop19-theta18,0.03244471916976249
Loop19-theta19,0.26251643856307916
Loop19-theta20,0.07837282092621667
Loop19-theta21,0.20868886234464568
Loop19-theta22,0.20299413281981427
Loop19-theta23,0.29446625367479007
Loop19-theta24,0.051453225822231
Loop19-theta25,0.1709643071501875
Loop19-theta26,0.0653848139795507
Loop19-theta27,0.40098690862817177
Loop19-theta28,0.04126144779976704
Loop19-theta29,0.2713962645417461
Loop19-theta30,0.100649581259593
Loop19-theta31,0.26951368466056463
Loop19-theta32,0.14250030980667017
Loop19-theta33,0.14955726373509082
Loop19-theta34,0.017678984922985974
Loop19-theta35,0.11700275345335376
Loop19-theta36,0.053945294982250924
Loop19-theta37,0.4898425656080954
Loop19-theta38,0.09575250868524221
Loop19-theta39,0.1578637852177207
Loop19-theta40,0.2631827717183762
Loop19-theta41,0.25217571448639836
Loop19-theta42,0.3564125744397084
Loop19-theta43,0.6907105661918657
Loop19-theta44,0.03354936927390384
Loop19-theta45,0.13818205864015512
Loop19-theta46,0.08190338815731613
Loop19-theta47,0.09521270537026072
Loop19-theta48,0.27791983282181876
Loop19-theta49,0.1556490389525574
Loop20-beta_i3,0.027817498842185928
Loop20-beta_i4,0.02399053459817435
Loop20-beta_r1,0.023662137191715837
Loop20-beta_r2,0.13969360159705313
Loop20-beta_r3,0.10640996643154631
Loop20-beta_r4,0.09800621851051083
Loop20-d_k1,0.0515799681748188
Loop20-d_k2,0.01574318608548203
Loop20-d_k3,0.012617798484457043
Loop20-d_k4,0.07994095274475721
Loop20-theta0,0.0450748296803436
Loop20-theta1,0.45537374657926466
Loop20-theta2,0.10620774022800195
Loop20-theta3,0.013298585470343571
Loop20-theta4,0.12513162367463515
Loop20-theta5,0.09079056631095006
Loop20-theta6,0.3644694307822958
Loop20-theta7,0.43056058026836
Loop20-theta8,0.07622240128074409
Loop20-theta9,0.2701108868861495
Loop20-theta10,0.28391345301909854
Loop20-theta11,0.2613832853245901
Loop20-theta12,0.15196964996558315
Loop20-theta13,0.007583661455886986
Loop20-theta14,0.20328969228182614
Loop20-theta15,0.11108458180892666
Loop20-theta16,0.11882976009627821
Loop20-theta17,0.11494200224445267
Loop20-theta18,0.28488350397903295
Loop20-theta19,0.16286829410399895
Loop20-theta20,0.2991318927871426
Loop20-theta21,0.10039909385800691
Loop20-theta22,0.10854571988837236
Loop20-theta23,0.39082609704473903
Loop20-theta24,0.2811091028971302
Loop20-theta25,0.16510290584551912
Loop20-theta26,0.18283628219033976
Loop20-theta27,0.23971473087726025
Loop20-theta28,0.09732711041881559
Loop20-theta29,0.21439384059997202
Loop20-theta30,0.11757542420577083
Loop20-theta31,0.3663393447035972
Loop20-theta32,0.723742021760167
Loop20-theta33,0.4192441766914331
Loop20-theta34,0.19657391276028158
Loop20-theta35,0.1364355003010016
Loop20-theta36,0.08492265665382656
Loop20-theta37,0.035689981447437576
Loop20-theta38,0.12906667018912987
Loop20-theta39,0.23608618560252426
Loop20-theta40,0.21924015809654168
Loop20-theta41,0.1523950185692079
Loop20-theta42,0.005203005244334702
Loop20-theta43,0.027469613800572112
Loop20-theta44,0.3699966780967776
Loop20-theta45,0.1011972752807242
Loop20-theta46,0.4106877998253169
Loop20-theta47,0.4899244919067814
Loop20-theta48,0.3652693542584211
Loop20-theta49,0.020239801495374077
Loop21-beta_i3,0.13339101788333085
Loop21-beta_i4,0.14050981763644604
Loop21-beta_r1,0.04835604157250861
Loop21-beta_r2,0.06942697267042046
Loop21-beta_r3,0.06009957651946907
Loop21-beta_r4,0.12102192845551712
Loop21-d_k1,0.08312527034301587
Loop21-d_k2,0.00921242682771048
Loop21-d_k3,0.022143404196246164
Loop21-d_k4,0.07019429297448021
Loop21-theta0,0.407882250766919
Loop21-theta1,0.34244873284583244
Loop21-theta2,0.042862616543443866
Loop21-theta3,0.2663468236177753
Loop21-theta4,0.008493355695586624
Loop21-theta5,0.37721583335372055
Loop21-theta6,0.0010644653762161838
Loop21-theta7,0.30830862349315846
Loop21-theta8,0.21565733237228346
Loop21-theta9,0.022196694071593637
Loop21-theta10,0.06318712726220088
Loop21-theta11,0.008620651321319173
Loop21-theta12,0.26001177467750897
Loop21-theta13,0.16123740135828046
Loop21-theta14,0.05706185150976684
Loop21-theta15,0.2521920542028516
Loop21-theta16,0.3276350053345019
Loop21-theta17,0.01989335406303816
Loop21-theta18,0.24032964788866762
Loop21-theta19,0.038836690559805875
Loop21-theta20,0.049071083895797285
Loop21-theta21,0.3469445404414103
Loop21-theta22,0.11274481410933479
Loop21-theta23,0.04516132273745255
Loop21-theta24,0.2503503356214438
Loop21-theta25,0.08194063386071726
Loop21-theta26,0.1468725486804583
Loop21-theta27,0.46942853262143425
Loop21-theta28,0.2784600701462272
Loop21-theta29,0.043846499151884766
Loop21-theta30,0.43623276235981556
Loop21-theta31,0.08136904991224903
Loop21-theta32,0.04590115005440862
Loop21-theta33,0.2371891022453796
Loop21-theta34,0.10262594094532451
Loop21-theta35,0.18100344716719818
Loop21-theta36,0.2130832773969572
Loop21-theta37,0.6639695281263349
Loop21-theta38,0.20652800923933734
Loop21-theta39,0.07017120156851608
Loop21-theta40,0.1561126510513058
Loop21-theta41,0.0971990729726877
Loop21-theta42,0.02737339945714512
Loop21-theta43,0.14813729407358
Loop21-theta44,0.24521018989499935
Loop21-theta45,0.12183063686721685
Loop21-theta46,0.5501685686570643
Loop21-theta47,0.06449517910653071
Loop21-theta48,0.18801385185710107
Loop21-theta49,0.3539296413879933
Loop22-beta_i3,0.1383496782651842
Loop22-beta_i4,0.02064791062416227
Loop22-beta_r1,0.03153506635201153
Loop22-beta_r2,0.08696709782083678
Loop22-beta_r3,0.03389203072306812
Loop22-beta_r4,0.03844800772399404
Loop22-d_k1,0.025299990047634835
Loop22-d_k2,0.10283834546945991
Loop22-d_k3,0.06262970639152743
Loop22-d_k4,0.014908649030296983
Loop22-theta0,0.5587905450179147
Loop22-theta1,0.073865751483727
Loop22-theta2,0.08406686642373731
Loop22-theta3,0.04269452204190144
Loop22-theta4,0.15895734914250426
Loop22-theta5,0.426526285445183
Loop22-theta6,0.1466629282989098
Loop22-theta7,0.11705655472276266
Loop22-theta8,0.25552865962356436
Loop22-theta9,0.19428314592002377
Loop22-theta10,0.15310440472308323
Loop22-theta11,0.2964888999829939
Loop22-theta12,0.3007982564306746
Loop22-theta13,0.1563373628244708
Loop22-theta14,0.43862238185847247
Loop22-theta15,0.22054981978457766
Loop22-theta16,0.24334797640741052
Loop22-theta17,0.2818653778736413
Loop22-theta18,0.29048018270848996
Loop22-theta19,0.20506853582087653
Loop22-theta20,0.056653144753273765
Loop22-theta21,0.03456663390700665
Loop22-theta22,0.4663030459426707
Loop22-theta23,0.046429485771182444
Loop22-theta24,0.49408577959553684
Loop22-theta25,0.23440449522661547
Loop22-theta26,0.3080572320353393
Loop22-theta27,0.05280480093293827
Loop22-theta28,0.6219200830052651
Loop22-theta29,0.42152841008852154
Loop22-theta30,0.2782809890898609
Loop22-theta31,0.006451729781387278
Loop22-theta32,0.06012855198731318
Loop22-theta33,0.008272003781982729
Loop22-theta34,0.04197909332390215
Loop22-theta35,0.3968084236360775
Loop22-theta36,0.07830381537874712
Loop22-theta37,0.1509160708140871
Loop22-theta38,0.1391303672181011
Loop22-theta39,0.310892833740682
Loop22-theta40,0.22180925451504496
Loop22-theta41,0.04216134538567079
Loop22-theta42,0.08689779543603293
Loop22-theta43,0.1990187226729411
Loop22-theta44,0.26688445561433805
Loop22-theta45,0.04531722645357601
Loop22-theta46,0.12661726120693806
Loop22-theta47,0.29990503153465786
Loop22-theta48,0.19574829232033863
Loop22-theta49,0.029469310957045414
Loop23-beta_i3,0.09899558448470058
Loop23-beta_i4,0.021997969251361105
Loop23-beta_r1,0.034848604977971875
Loop23-beta_r2,0.19271525963445368
Loop23-beta_r3,0.11296062991683509
Loop23-beta_r4,0.0027440548393085074
Loop23-d_k1,0.021957637705771416
Loop23-d_k2,0.11000675958054129
Loop23-d_k3,0.047564496219047486
Loop23-d_k4,0.040484625655722084
Loop23-theta0,0.018088245896940303
Loop23-theta1,0.20314083767490965
Loop23-theta2,0.09932157440471535
Loop23-theta3,0.04636695978743499
Loop23-theta4,0.5046424504166673
Loop23-theta5,0.42867629786011996
Loop23-theta6,0.4183276959950357
Loop23-theta7,0.022795236477314504
Loop23-theta8,0.35770930101259907
Loop23-theta9,0.08838922690579509
Loop23-theta10,0.30899441755359924
Loop23-theta11,0.11433854844162927
Loop23-theta12,0.10129061425275362
Loop23-theta13,0.2571347813668391
Loop23-theta14,0.02642906074642437
Loop23-theta15,0.29521236100112375
Loop23-theta16,0.17430217665695702
Loop23-theta17,0.06269846165969871
Loop23-theta18,0.2524536589331771
Loop23-theta19,0.46984286307046597
Loop23-theta20,0.391872095739521
Loop23-theta21,0.16149438644357125
Loop23-theta22,0.4838246792295844
Loop23-theta23,0.26561642186175893
Loop23-theta24,0.14363152202516027
Loop23-theta25,0.21437262386600486
Loop23-theta26,0.1087731993818617
Loop23-theta27,0.1361729294620222
Loop23-theta28,0.3475697178310806
Loop23-theta29,0.0407085213712913
Loop23-theta30,0.4969812357975203
Loop23-theta31,0.25850873657036155
Loop23-theta32,0.27946450233598247
Loop23-theta33,0.15537705454864548
Loop23-theta34,0.013527848051983982
Loop23-theta35,0.11196361942112654
Loop23-theta36,0.3947896961244277
Loop23-theta37,0.19521797837260024
Loop23-theta38,0.10370694209237868
Loop23-theta39,0.4271816555453476
Loop23-theta40,0.0811849910421219
Loop23-theta41,0.12263861654330022
Loop23-theta42,0.4470731620531491
Loop23-theta43,0.32158723342587225
Loop23-theta44,0.010358901545829746
Loop23-theta45,0.04933446210364245
Loop23-theta46,0.007863007960375534
Loop23-theta47,0.1195485271133978
Loop23-theta48,0.33181603835501516
Loop23-theta49,0.19309545433338748
Loop24-beta_i3,0.08437458242705681
Loop24-beta_i4,1.6576723141259464E-5
Loop24-beta_r1,0.03281200437904119
Loop24-beta_r2,0.09775251738118285
Loop24-beta_r3,0.11803651622222405
Loop24-beta_r4,0.1752176224975499
Loop24-d_k1,0.0683926855085013
Loop24-d_k2,0.07399570475335024
Loop24-d_k3,0.005924906361765625
Loop24-d_k4,0.011527925606614087
Loop24-theta0,0.44113809404618254
Loop24-theta1,0.020365103476809754
Loop24-theta2,0.3567684096834279
Loop24-theta3,0.1963090330952969
Loop24-theta4,0.3411643611318373
Loop24-theta5,0.06938238411974096
Loop24-theta6,0.21238522486487638
Loop24-theta7,0.04900766386408373
Loop24-theta8,0.31567899907193075
Loop24-theta9,0.609540036924451
Loop24-theta10,0.052412618434547475
Loop24-theta11,0.05411415629177596
Loop24-theta12,0.21961696658036411
Loop24-theta13,0.026412961310075977
Loop24-theta14,0.14178815414861123
Loop24-theta15,0.12763026859798354
Loop24-theta16,0.5948800257991191
Loop24-theta17,0.1191478745053936
Loop24-theta18,0.7196791192481478
Loop24-theta19,0.030083427258855266
Loop24-theta20,0.03147862621234698
Loop24-theta21,0.16106774878717
Loop24-theta22,0.42856601163225727
Loop24-theta23,0.009001635461744692
Loop24-theta24,0.28725499135174903
Loop24-theta25,0.2706549818343216
Loop24-theta26,0.47625390679979424
Loop24-theta27,0.0520212993705117
Loop24-theta28,0.12476602529287373
Loop24-theta29,0.14120178988797755
Loop24-theta30,0.08983443862020846
Loop24-theta31,0.05376342916181198
Loop24-theta32,0.2188324850181898
Loop24-theta33,0.054806996082578
Loop24-theta34,0.20563351848389116
Loop24-theta35,0.3822066482519231
Loop24-theta36,0.19951118670614965
Loop24-theta37,0.08356802158798145
Loop24-theta38,0.3844276490383395
Loop24-theta39,0.1512851649311896
Loop24-theta40,0.114534224411448
Loop24-theta41,0.06568213448660454
Loop24-theta42,0.0011688274537907661
Loop24-theta43,0.19453738075819066
Loop24-theta44,0.033749214803024286
Loop24-theta45,0.15464483334461973
Loop24-theta46,0.002549229158724131
Loop24-theta47,4.628641652199006E-5
Loop24-theta48,0.0545710418062079
Loop24-theta49,0.02458437515643408
Loop25-beta_i3,0.17233427132937207
Loop25-beta_i4,0.08655595090790524
Loop25-beta_r1,0.1258567222467577
Loop25-beta_r2,0.07787710596052477
Loop25-beta_r3,0.0681439828164821
Loop25-beta_r4,0.3169099226792087
Loop25-d_k1,0.0024542260300322027
Loop25-d_k2,0.0025061282228808213
Loop25-d_k3,0.09851188907963404
Loop25-d_k4,0.10347224333254579
Loop25-theta0,0.15173720941307117
Loop25-theta1,0.014418536942273907
Loop25-theta2,0.5672435383732872
Loop25-theta3,0.23442598849194196
Loop25-theta4,0.21449017874537124
Loop25-theta5,0.37840740026001973
Loop25-theta6,0.30188442582731456
Loop25-theta7,0.30519085309329547
Loop25-theta8,0.4974373848430501
Loop25-theta9,0.007287230746488849
Loop25-theta10,0.06654845375504226
Loop25-theta11,0.19182002982738192
Loop25-theta12,0.5508192396197178
Loop25-theta13,0.27186225727591523
Loop25-theta14,0.10603232198352422
Loop25-theta15,0.22487389099894328
Loop25-theta16,0.09485484852603188
Loop25-theta17,0.023170142900134416
Loop25-theta18,0.30338975563727066
Loop25-theta19,0.07959240028653311
Loop25-theta20,0.0801814046396595
Loop25-theta21,0.1811959360908254
Loop25-theta22,0.07018720365176057
Loop25-theta23,0.17917085092525942
Loop25-theta24,0.1733003653262346
Loop25-theta25,0.01868303725779963
Loop25-theta26,0.044664388170430835
Loop25-theta27,0.15726866606466083
Loop25-theta28,0.1501336034292058
Loop25-theta29,0.3068565979331639
Loop25-theta30,0.31040762216924694
Loop25-theta31,0.005024360826976881
Loop25-theta32,0.16706101443318278
Loop25-theta33,0.3201949997828146
Loop25-theta34,0.2269251048889569
Loop25-theta35,0.14281894369383136
Loop25-theta36,0.026441597351252656
Loop25-theta37,0.18101822420705388
Loop25-theta38,0.05547166278693638
Loop25-theta39,0.3775276006485768
Loop25-theta40,0.12109368788712926
Loop25-theta41,0.32183412788940524
Loop25-theta42,0.22185081184299582
Loop25-theta43,0.29042247470676824
Loop25-theta44,0.06379504552198426
Loop25-theta45,0.06475910177117983
Loop25-theta46,0.35232719899324016
Loop25-theta47,0.0049399896284910705
Loop25-theta48,0.07328899566894109
Loop25-theta49,0.02365891062850195
Loop26-beta_i3,0.010272989971264579
Loop26-beta_i4,0.09086537174160791
Loop26-beta_r1,0.06720207346185902
Loop26-beta_r2,0.005171448688062297
Loop26-beta_r3,0.08273662773229745
Loop26-beta_r4,0.10104083150300339
Loop26-d_k1,0.16124979781711724
Loop26-d_k2,0.06897031280169563
Loop26-d_k3,0.02632927744281366
Loop26-d_k4,0.06595020757260728
Loop26-theta0,0.49249322182239264
Loop26-theta1,0.03815601782696411
Loop26-theta2,0.09020310996088376
Loop26-theta3,0.013559399450706167
Loop26-theta4,0.34624525034124454
Loop26-theta5,0.023237296224027426
Loop26-theta6,0.47645523541269946
Loop26-theta7,0.24055795205187191
Loop26-theta8,0.3680634837081753
Loop26-theta9,0.48962369395518945
Loop26-theta10,0.13186565003990192
Loop26-theta11,0.08611368832525335
Loop26-theta12,0.10887895251724089
Loop26-theta13,0.18939963244449687
Loop26-theta14,0.10287445562805378
Loop26-theta15,0.19537598083938984
Loop26-theta16,0.1412904155181509
Loop26-theta17,0.1630212412229055
Loop26-theta18,0.007530155572107899
Loop26-theta19,0.434066690333381
Loop26-theta20,0.23625146762777818
Loop26-theta21,0.3297899127388533
Loop26-theta22,0.3713040919172529
Loop26-theta23,0.13797320892658665
Loop26-theta24,0.1255668931183536
Loop26-theta25,0.040802487328697845
Loop26-theta26,0.2001325355063147
Loop26-theta27,0.3348662081700484
Loop26-theta28,0.01914273535875588
Loop26-theta29,0.11430300491525236
Loop26-theta30,0.02502519468185091
Loop26-theta31,0.23712798333516022
Loop26-theta32,0.30389831265270006
Loop26-theta33,0.47255475481580306
Loop26-theta34,0.13157339362374032
Loop26-theta35,0.07139943165300489
Loop26-theta36,0.47552478235817025
Loop26-theta37,0.15690438832570552
Loop26-theta38,0.2705649539253723
Loop26-theta39,0.09171899381890547
Loop26-theta40,0.6973984982267616
Loop26-theta41,0.5425741899903308
Loop26-theta42,0.4140242874883875
Loop26-theta43,0.30242918712488154
Loop26-theta44,0.042930021734677526
Loop26-theta45,0.15474016843107763
Loop26-theta46,0.2670268009603275
Loop26-theta47,0.19031028460239907
Loop26-theta48,0.1926052755176848
Loop26-theta49,0.33742292507433047
Loop27-beta_i3,0.07256419551425541
Loop27-beta_i4,0.07604781088086343
Loop27-beta_r1,0.002238345500474734
Loop27-beta_r2,0.015367660526530269
Loop27-beta_r3,0.2392186692763445
Loop27-beta_r4,0.0643644414092791
Loop27-d_k1,0.19618574229582064
Loop27-d_k2,0.05860960999633663
Loop27-d_k3,0.07397186656629735
Loop27-d_k4,0.06360426573318678
Loop27-theta0,0.19351598865193304
Loop27-theta1,0.14505177662744104
Loop27-theta2,0.14719690898917337
Loop27-theta3,0.569203119667817
Loop27-theta4,0.34512165260221994
Loop27-theta5,0.230935717606355
Loop27-theta6,0.060292838515917935
Loop27-theta7,0.15340479063371204
Loop27-theta8,0.34764935591533036
Loop27-theta9,0.2460850419665257
Loop27-theta10,0.003704524914698276
Loop27-theta11,0.29430563878520033
Loop27-theta12,0.04700287575269069
Loop27-theta13,0.17436264140445906
Loop27-theta14,0.1319260317920945
Loop27-theta15,0.06678833994436795
Loop27-theta16,0.2615087038093147
Loop27-theta17,0.4233315065814542
Loop27-theta18,0.2579111301695134
Loop27-theta19,0.11455043637697271
Loop27-theta20,0.20340294047367125
Loop27-theta21,0.11615861895460478
Loop27-theta22,0.3448455561650378
Loop27-theta23,0.12287369385897695
Loop27-theta24,0.15848765011947685
Loop27-theta25,0.21993832695283022
Loop27-theta26,0.26224008012863237
Loop27-theta27,0.07287963428844092
Loop27-theta28,0.07517578370611405
Loop27-theta29,0.21012962287150205
Loop27-theta30,0.3478070984873096
Loop27-theta31,0.15010594704626634
Loop27-theta32,0.08640486653810886
Loop27-theta33,0.2012852602269034
Loop27-theta34,0.4163465358767753
Loop27-theta35,0.02133700790679871
Loop27-theta36,0.14400904829793626
Loop27-theta37,0.03758624095955665
Loop27-theta38,0.2840130803333967
Loop27-theta39,0.14773612064134078
Loop27-theta40,0.06788602833431144
Loop27-theta41,0.06054906039831953
Loop27-theta42,0.15265965232902368
Loop27-theta43,0.3332048751741641
Loop27-theta44,0.3843303817636895
Loop27-theta45,0.12402586005874405
Loop27-theta46,0.12329730058179461
Loop27-theta47,0.565791333456104
Loop27-theta48,0.07457125631503779
Loop27-theta49,0.5757653021281968
Loop28-beta_i3,0.09006647720671787
Loop28-beta_i4,0.03915158977201724
Loop28-beta_r1,0.006095218048747242
Loop28-beta_r2,0.08425186386475958
Loop28-beta_r3,0.08798366464077262
Loop28-beta_r4,0.05797641017189514
Loop28-d_k1,0.00559178448063169
Loop28-d_k2,0.01338701875336984
Loop28-d_k3,0.018863989048821653
Loop28-d_k4,0.03784279228282306
Loop28-theta0,0.24675104806462977
Loop28-theta1,0.008310468860248887
Loop28-theta2,0.4367004137352295
Loop28-theta3,0.22103457214831534
Loop28-theta4,0.1913201516865196
Loop28-theta5,0.13516537588610877
Loop28-theta6,0.1472542733730633
Loop28-theta7,0.18826908602906645
Loop28-theta8,0.36788047430600357
Loop28-theta9,0.14906327161261534
Loop28-theta10,0.3438081007461334
Loop28-theta11,0.3641895572424717
Loop28-theta12,0.02403034529893744
Loop28-theta13,0.07480469788551941
Loop28-theta14,0.3313222319721154
Loop28-theta15,0.06807239147007804
Loop28-theta16,0.04103748247961181
Loop28-theta17,0.4821366455143326
Loop28-theta18,0.19891907975576897
Loop28-theta19,0.18571092777553094
Loop28-theta20,0.31129264048455374
Loop28-theta21,0.04335232174049508
Loop28-theta22,0.21396436823691886
Loop28-theta23,0.24312914185406653
Loop28-theta24,0.08716854717842804
Loop28-theta25,0.2906232396872164
Loop28-theta26,0.23177921939935542
Loop28-theta27,0.32107228753836614
Loop28-theta28,0.1999974444807302
Loop28-theta29,0.019585759150497206
Loop28-theta30,0.049571233773305856
Loop28-theta31,0.12731626996976086
Loop28-theta32,0.043192563891263025
Loop28-theta33,0.2537365553975769
Loop28-theta34,0.015708702054858775
Loop28-theta35,0.010624918236913583
Loop28-theta36,0.13994249591494057
Loop28-theta37,0.008094942716485809
Loop28-theta38,0.16077003107752263
Loop28-theta39,0.015121368329643725
Loop28-theta40,0.02501628805597722
Loop28-theta41,0.05068979431011744
Loop28-theta42,0.43623539757503244
Loop28-theta43,0.10141787294026983
Loop28-theta44,0.06525653094196393
Loop28-theta45,0.1504282448474124
Loop28-theta46,0.13044989813591717
Loop28-theta47,0.08055978800702768
Loop28-theta48,0.1506143542645597
Loop28-theta49,0.17086390816562202
Loop29-beta_i3,0.11509490148307278
Loop29-beta_i4,0.06568110762490392
Loop29-beta_r1,0.013786324176832454
Loop29-beta_r2,0.11134335527299055
Loop29-beta_r3,0.03244669846910897
Loop29-beta_r4,0.1106263796693968
Loop29-d_k1,0.033877216929498966
Loop29-d_k2,0.022302444527558613
Loop29-d_k3,0.10080347623980718
Loop29-d_k4,0.04462381478274913
Loop29-theta0,0.14870489808773257
Loop29-theta1,0.013152427111602971
Loop29-theta2,0.39406293383509544
Loop29-theta3,0.09920591989681382
Loop29-theta4,0.2501606345203735
Loop29-theta5,0.1953545891129707
Loop29-theta6,0.22379450324069572
Loop29-theta7,0.01787665058301119
Loop29-theta8,0.17386656575998838
Loop29-theta9,0.3609157790660895
Loop29-theta10,0.5172803737727383
Loop29-theta11,0.3058401848812342
Loop29-theta12,0.2972295608143549
Loop29-theta13,0.16715199815171364
Loop29-theta14,0.268032636854611
Loop29-theta15,0.07837420013528917
Loop29-theta16,0.15950288517836597
Loop29-theta17,0.08271492424729399
Loop29-theta18,0.12821794474325054
Loop29-theta19,0.1015171720953264
Loop29-theta20,0.36858824028963455
Loop29-theta21,0.329550421558791
Loop29-theta22,0.3004136861088944
Loop29-theta23,0.14019171351410786
Loop29-theta24,0.05241244662298472
Loop29-theta25,0.2621394756738853
Loop29-theta26,0.14171733953299587
Loop29-theta27,0.3791829373458354
Loop29-theta28,0.25447853953584276
Loop29-theta29,0.2938931211381126
Loop29-theta30,0.19720444037052776
Loop29-theta31,0.08999722958781509
Loop29-theta32,0.03836915012287592
Loop29-theta33,0.12569658604091105
Loop29-theta34,0.03399393823147545
Loop29-theta35,0.36724929081893587
Loop29-theta36,0.16099446104368598
Loop29-theta37,0.1610390695219158
Loop29-theta38,0.09898539280882102
Loop29-theta39,0.20363225824177333
Loop29-theta40,0.16213968187828542
Loop29-theta41,0.04362593858877917
Loop29-theta42,0.32263259751886053
Loop29-theta43,0.35304592706166904
Loop29-theta44,0.4272679179795158
Loop29-theta45,0.006344459813417691
Loop29-theta46,0.27810341271496053
Loop29-theta47,0.19657855838964922
Loop29-theta48,0.17274871344567416
Loop29-theta49,0.44642584481951975
