Loop0-d_k1,0.02499760535839468
Loop0-d_k2,0.20780672656802068
Loop0-d_k3,0.15803038684027904
Loop0-d_k4,0.07477394508613622
Loop0-theta0,0.011112285763005714
Loop0-theta1,0.10392845229387027
Loop0-theta2,0.18092191624626763
Loop0-theta3,0.23279241419904417
Loop0-theta4,0.017523861569030134
Loop0-theta5,0.13178008700350152
Loop0-theta6,0.2800481714162566
Loop0-theta7,0.026362336539838105
Loop0-theta8,0.14199883051157247
Loop0-theta9,0.10071328189198048
Loop0-theta10,0.5723594469414996
Loop0-theta11,0.07776292341016511
Loop0-theta12,0.19480451933901471
Loop0-theta13,0.22136632446552257
Loop0-theta14,0.07878047578897907
Loop0-theta15,0.09049990389813689
Loop0-theta16,0.11778440254957487
Loop0-theta17,0.4332794043253328
Loop0-theta18,0.3242342130235838
Loop0-theta19,0.14612659703353903
Loop0-theta20,0.030482655010266924
Loop0-theta21,0.03705171247387096
Loop0-theta22,0.6883218882545803
Loop0-theta23,0.10640725341702595
Loop0-theta24,0.3955369782547041
Loop0-theta25,0.14128576602437937
Loop0-theta26,0.48805925054189647
Loop0-theta27,0.056812272309219924
Loop0-theta28,0.6757029110378834
Loop0-theta29,0.17882359961376493
Loop0-theta30,0.02589948189369798
Loop0-theta31,0.18256239745123798
Loop0-theta32,0.4049012306407507
Loop0-theta33,0.5114662826003727
Loop0-theta34,0.061466799507465475
Loop0-theta35,0.2711818634822296
Loop0-theta36,0.055982484293682244
Loop0-theta37,0.2067738305890701
Loop0-theta38,0.006136595396779965
Loop0-theta39,0.13218730251870137
Loop0-theta40,0.32788021020866887
Loop0-theta41,0.039593625731312976
Loop0-theta42,0.5238085886400188
Loop0-theta43,0.22654697778025265
Loop0-theta44,0.05789303585285843
Loop0-theta45,0.16758881931568353
Loop0-theta46,0.626392449433077
Loop0-theta47,0.13018094162776828
Loop0-theta48,0.2774143468166159
Loop0-theta49,0.16141155309424216
Loop1-d_k1,0.11267439095913545
Loop1-d_k2,0.08929664595421505
Loop1-d_k3,0.05894825245446583
Loop1-d_k4,0.14302278445888472
Loop1-theta0,0.23759914281136807
Loop1-theta1,0.10818699074807125
Loop1-theta2,0.12483996696206787
Loop1-theta3,0.17369152276768232
Loop1-theta4,0.10291288562702139
Loop1-theta5,0.0726018705069813
Loop1-theta6,0.22044609991569153
Loop1-theta7,0.21503930262628523
Loop1-theta8,0.1047112472038787
Loop1-theta9,0.162774569139422
Loop1-theta10,0.26531460137911944
Loop1-theta11,0.40266052547847564
Loop1-theta12,0.20199703667173097
Loop1-theta13,0.2846036523928408
Loop1-theta14,0.7507443074113557
Loop1-theta15,0.013647290782658028
Loop1-theta16,0.23688715637542596
Loop1-theta17,0.15811491721110182
Loop1-theta18,0.036590094037287385
Loop1-theta19,0.16684678702270594
Loop1-theta20,0.36678061560473607
Loop1-theta21,0.014542775616313564
Loop1-theta22,0.0613181015376838
Loop1-theta23,0.06075928059904567
Loop1-theta24,0.19959063660434218
Loop1-theta25,0.23619201946421375
Loop1-theta26,0.06070192458340046
Loop1-theta27,0.12804929935627657
Loop1-theta28,0.3602184444956514
Loop1-theta29,0.004185734752076842
Loop1-theta30,0.11094154431762492
Loop1-theta31,0.06818938873585412
Loop1-theta32,0.09457817965867465
Loop1-theta33,0.08708060810525192
Loop1-theta34,0.19657496145287956
Loop1-theta35,0.513179206900525
Loop1-theta36,0.22095292805736988
Loop1-theta37,0.016835055833578444
Loop1-theta38,0.43323489340004295
Loop1-theta39,0.09094802823829909
Loop1-theta40,0.15856245755633294
Loop1-theta41,0.25341440592560827
Loop1-theta42,0.23766252691540057
Loop1-theta43,0.1332343569875616
Loop1-theta44,0.18242987506165265
Loop1-theta45,0.044905559496923875
Loop1-theta46,0.17459513790800454
Loop1-theta47,0.5898995012150765
Loop1-theta48,0.8334864885556321
Loop1-theta49,0.33363571679113313
Loop2-d_k1,0.0015324101991543992
Loop2-d_k2,0.04677471858906235
Loop2-d_k3,0.01144438860610153
Loop2-d_k4,0.03686274018211588
Loop2-theta0,0.046497326988164334
Loop2-theta1,0.14294166746446613
Loop2-theta2,0.17119584101374885
Loop2-theta3,0.008079407611097045
Loop2-theta4,0.08891423178509761
Loop2-theta5,0.2401273981829104
Loop2-theta6,0.10503035214387135
Loop2-theta7,0.06383910015320926
Loop2-theta8,0.08825509102425022
Loop2-theta9,0.3835738542118444
Loop2-theta10,0.4517598428394998
Loop2-theta11,0.2030882864995155
Loop2-theta12,0.5120370710835918
Loop2-theta13,0.825132726486516
Loop2-theta14,0.1045555871645811
Loop2-theta15,0.07420957939763245
Loop2-theta16,0.09687895628406729
Loop2-theta17,0.26342627588426354
Loop2-theta18,0.4036958384534328
Loop2-theta19,0.0722563649778271
Loop2-theta20,0.421267083973095
Loop2-theta21,0.0014058827095557724
Loop2-theta22,0.1915178745578615
Loop2-theta23,0.01969857614462031
Loop2-theta24,0.027836679451289648
Loop2-theta25,0.14976690670519155
Loop2-theta26,0.15192469069860104
Loop2-theta27,0.08761177586571772
Loop2-theta28,0.1556320309000958
Loop2-theta29,0.15778002333382218
Loop2-theta30,0.012097661658509895
Loop2-theta31,0.014987164819323606
Loop2-theta32,0.005777773834729993
Loop2-theta33,0.329608291838112
Loop2-theta34,0.09327593657719635
Loop2-theta35,0.0922587204071299
Loop2-theta36,0.30224229214676157
Loop2-theta37,0.034803677196051486
Loop2-theta38,0.19914337618689415
Loop2-theta39,0.3994197533937094
Loop2-theta40,0.08152767689911689
Loop2-theta41,0.5517674679750261
Loop2-theta42,0.04931169563057558
Loop2-theta43,0.21832010765805368
Loop2-theta44,0.018862548024258463
Loop2-theta45,0.15589015136162887
Loop2-theta46,0.019581387635750687
Loop2-theta47,0.25669753249940963
Loop2-theta48,0.39168564095746317
Loop2-theta49,0.08538430306877931
Loop3-d_k1,0.09252776039633703
Loop3-d_k2,0.15342020598624612
Loop3-d_k3,0.12118224073221551
Loop3-d_k4,0.06028979514230759
Loop3-theta0,0.18483022348382072
Loop3-theta1,0.3258236394442246
Loop3-theta2,0.33124433257432867
Loop3-theta3,0.05290448808322035
Loop3-theta4,0.02031779270446954
Loop3-theta5,0.2476317312461122
Loop3-theta6,0.08409773417211053
Loop3-theta7,0.10548889638070835
Loop3-theta8,0.11028767970598463
Loop3-theta9,0.24862213988681875
Loop3-theta10,0.011279792719656179
Loop3-theta11,0.27410713024340216
Loop3-theta12,1.2901750963406622E-4
Loop3-theta13,0.14933423260940404
Loop3-theta14,0.10023905522110588
Loop3-theta15,0.1445128802132204
Loop3-theta16,0.33202302010039053
Loop3-theta17,0.3625301724113118
Loop3-theta18,0.1981364798712121
Loop3-theta19,0.3962051257528705
Loop3-theta20,0.023017043358908307
Loop3-theta21,0.30387271997082066
Loop3-theta22,0.19381521140838132
Loop3-theta23,0.26815124736347196
Loop3-theta24,0.07081008937488775
Loop3-theta25,0.34761375307355324
Loop3-theta26,0.013123761995239722
Loop3-theta27,0.22486634977302597
Loop3-theta28,0.14581812280101647
Loop3-theta29,0.05382984482703845
Loop3-theta30,0.17515362867148154
Loop3-theta31,0.03197771149715567
Loop3-theta32,0.2714146549909018
Loop3-theta33,0.29888534907702047
Loop3-theta34,0.3104680477649894
Loop3-theta35,0.18976843641056812
Loop3-theta36,0.2407369838452449
Loop3-theta37,0.16737776074890864
Loop3-theta38,0.18427428855340533
Loop3-theta39,0.5801427937616787
Loop3-theta40,0.5791902657706056
Loop3-theta41,0.12084580494027208
Loop3-theta42,0.1476758312847704
Loop3-theta43,0.17099421158727068
Loop3-theta44,0.05458689047558596
Loop3-theta45,0.5145513070312997
Loop3-theta46,0.01818393828136322
Loop3-theta47,0.02942164399673286
Loop3-theta48,0.06577946192108097
Loop3-theta49,0.2103389435791731
Loop4-d_k1,0.2252885623075116
Loop4-d_k2,0.1178845102938953
Loop4-d_k3,0.10691158381315524
Loop4-d_k4,4.924682004615599E-4
Loop4-theta0,0.07683498451178217
Loop4-theta1,0.26673787502018387
Loop4-theta2,0.3513233281413657
Loop4-theta3,0.17744078796439566
Loop4-theta4,0.16764691660147069
Loop4-theta5,0.1100454244062774
Loop4-theta6,0.22474394028578432
Loop4-theta7,0.07578788893829269
Loop4-theta8,0.15497097204525984
Loop4-theta9,0.22356963499751892
Loop4-theta10,0.0071119470473248805
Loop4-theta11,0.20662516923476795
Loop4-theta12,0.020478485791939866
Loop4-theta13,0.2109131649704603
Loop4-theta14,0.05386788582515706
Loop4-theta15,0.10767669806617508
Loop4-theta16,0.37211138877924643
Loop4-theta17,0.369174228766015
Loop4-theta18,0.18535533332442533
Loop4-theta19,0.23091078467426052
Loop4-theta20,0.2385790454345016
Loop4-theta21,0.05237707441570988
Loop4-theta22,0.3886698474774951
Loop4-theta23,0.21096141435161414
Loop4-theta24,0.33703828406974
Loop4-theta25,0.06351126283701136
Loop4-theta26,0.19551975008475275
Loop4-theta27,0.1802226865578197
Loop4-theta28,0.060101728035439714
Loop4-theta29,0.19614100487788838
Loop4-theta30,0.5398547457291751
Loop4-theta31,0.04155744639120222
Loop4-theta32,0.1741205188042393
Loop4-theta33,0.04459010710326683
Loop4-theta34,0.07737564907464789
Loop4-theta35,0.049568292334991826
Loop4-theta36,0.025711290918181584
Loop4-theta37,0.06358292517973985
Loop4-theta38,0.38466217184112605
Loop4-theta39,0.07717397111635971
Loop4-theta40,0.30288751330401154
Loop4-theta41,0.0571406817418304
Loop4-theta42,0.25171139507790663
Loop4-theta43,0.06303111186177734
Loop4-theta44,0.08395154656935833
Loop4-theta45,0.02676335233071514
Loop4-theta46,0.16840101504297963
Loop4-theta47,0.871487684942905
Loop4-theta48,0.12358341652721033
Loop4-theta49,0.05298757585598468
Loop5-d_k1,0.0662740591777829
Loop5-d_k2,0.1412293236813877
Loop5-d_k3,0.06710136964042462
Loop5-d_k4,0.00785389486318
Loop5-theta0,0.06359011355276278
Loop5-theta1,0.11265598339049232
Loop5-theta2,0.42488779042838526
Loop5-theta3,0.0018975401080185694
Loop5-theta4,0.1659984550519087
Loop5-theta5,0.15718604775898304
Loop5-theta6,0.07459281561529651
Loop5-theta7,0.037848678712800066
Loop5-theta8,0.2602143693855011
Loop5-theta9,0.10438914415961478
Loop5-theta10,0.3201146066749274
Loop5-theta11,0.04057141116773544
Loop5-theta12,0.05070576190225534
Loop5-theta13,0.042264481259685294
Loop5-theta14,0.3270985879789957
Loop5-theta15,0.20874326715746952
Loop5-theta16,0.20998710347484195
Loop5-theta17,0.3360945145018459
Loop5-theta18,0.14218792212570097
Loop5-theta19,0.15026664759157682
Loop5-theta20,0.14614834821409278
Loop5-theta21,0.2198065536348146
Loop5-theta22,0.04059905361738281
Loop5-theta23,0.008162962677338514
Loop5-theta24,0.2827715255865783
Loop5-theta25,0.28837012569797293
Loop5-theta26,0.5894360744053813
Loop5-theta27,0.3353628080541605
Loop5-theta28,0.3718647853476909
Loop5-theta29,0.13797116635868956
Loop5-theta30,0.18428619645003652
Loop5-theta31,0.16335635744017085
Loop5-theta32,0.17487076652191114
Loop5-theta33,0.1830105889590873
Loop5-theta34,0.16437989305633893
Loop5-theta35,0.16032569018836362
Loop5-theta36,0.06459841076370582
Loop5-theta37,0.12730102026274137
Loop5-theta38,0.33736700746685755
Loop5-theta39,0.6047847873557848
Loop5-theta40,0.1087241704538835
Loop5-theta41,0.2843357698825636
Loop5-theta42,0.21340611057986358
Loop5-theta43,0.15476655431087818
Loop5-theta44,0.20627921849293518
Loop5-theta45,0.10701746249951016
Loop5-theta46,0.2311616316528261
Loop5-theta47,0.0681885094612027
Loop5-theta48,0.07061337054641847
Loop5-theta49,0.017564911390856086
Loop6-d_k1,0.07178067542865474
Loop6-d_k2,0.12587837374552807
Loop6-d_k3,0.015506879946823204
Loop6-d_k4,0.03859081837004896
Loop6-theta0,0.032042289902408094
Loop6-theta1,0.003920963493547425
Loop6-theta2,0.008598353049420027
Loop6-theta3,0.07167857013936496
Loop6-theta4,0.18606743839761142
Loop6-theta5,0.09036672071446236
Loop6-theta6,0.05888371054286634
Loop6-theta7,0.05683702180738359
Loop6-theta8,0.064996914298447
Loop6-theta9,0.24590147201950607
Loop6-theta10,0.27505139595353373
Loop6-theta11,0.30759972218604553
Loop6-theta12,0.10695830099826475
Loop6-theta13,0.40917761834698263
Loop6-theta14,0.15965360555015073
Loop6-theta15,0.2663934398248413
Loop6-theta16,0.305749356056111
Loop6-theta17,0.04046702844127931
Loop6-theta18,0.35280560916897175
Loop6-theta19,0.06886834563447719
Loop6-theta20,0.10999303917206354
Loop6-theta21,0.20226310672734749
Loop6-theta22,0.09500554366940928
Loop6-theta23,0.04357021920705624
Loop6-theta24,0.1090346194740151
Loop6-theta25,0.07381414567143142
Loop6-theta26,0.13046855899943388
Loop6-theta27,0.13308947001163257
Loop6-theta28,0.2658674069271839
Loop6-theta29,0.19679365304615526
Loop6-theta30,0.046872349523377876
Loop6-theta31,0.30342377937226805
Loop6-theta32,0.03726534330763376
Loop6-theta33,0.05312424892683654
Loop6-theta34,0.22828340727561258
Loop6-theta35,0.04839683661143068
Loop6-theta36,0.4630125254785511
Loop6-theta37,0.07058551124430423
Loop6-theta38,0.14992370870963956
Loop6-theta39,0.19312972029399056
Loop6-theta40,0.09140414595038782
Loop6-theta41,0.3499495036753618
Loop6-theta42,0.0458130569431634
Loop6-theta43,0.21255203632263264
Loop6-theta44,0.23039206446821625
Loop6-theta45,0.017838364534101814
Loop6-theta46,0.4702279846781343
Loop6-theta47,0.3282469492834943
Loop6-theta48,0.2088455035020888
Loop6-theta49,0.15485348915525898
Loop7-d_k1,0.010220527387116096
Loop7-d_k2,0.006069789926705427
Loop7-d_k3,0.05220207963117496
Loop7-d_k4,0.05635281709158624
Loop7-theta0,0.18681473136432158
Loop7-theta1,0.06433285773281369
Loop7-theta2,0.056442335582300274
Loop7-theta3,0.3882427701220821
Loop7-theta4,0.024349272157083934
Loop7-theta5,0.26234313230445716
Loop7-theta6,0.09916801924011731
Loop7-theta7,0.27052429528278044
Loop7-theta8,0.03958643418004859
Loop7-theta9,0.06050807336395386
Loop7-theta10,0.22532892340049815
Loop7-theta11,0.1493330519127981
Loop7-theta12,0.24191260736856102
Loop7-theta13,0.08083480286087397
Loop7-theta14,0.058960328601743495
Loop7-theta15,0.3747800476175994
Loop7-theta16,0.609194503636413
Loop7-theta17,0.30166347954927253
Loop7-theta18,0.20843970322012573
Loop7-theta19,0.09750818831817942
Loop7-theta20,0.3004794408308496
Loop7-theta21,0.3733897390159371
Loop7-theta22,0.009477364668938872
Loop7-theta23,0.19401755323243502
Loop7-theta24,0.08900968704713455
Loop7-theta25,0.15043127674957124
Loop7-theta26,0.09103901343227772
Loop7-theta27,0.23964395498613988
Loop7-theta28,0.13224207220038853
Loop7-theta29,0.021673147999809794
Loop7-theta30,0.28265320228710666
Loop7-theta31,0.16445374614307218
Loop7-theta32,0.02366680470047844
Loop7-theta33,0.5202998481840847
Loop7-theta34,0.2631048111390778
Loop7-theta35,0.29376734859791037
Loop7-theta36,0.08203131981076028
Loop7-theta37,0.2507041674200722
Loop7-theta38,0.3319395678405296
Loop7-theta39,0.14678971010588748
Loop7-theta40,0.5114634877406126
Loop7-theta41,0.006195478574953506
Loop7-theta42,0.13709333049297637
Loop7-theta43,0.09908980636332154
Loop7-theta44,0.23493457406876694
Loop7-theta45,9.154979059391444E-4
Loop7-theta46,0.31339195694760275
Loop7-theta47,0.059874458900015304
Loop7-theta48,0.252443836547126
Loop7-theta49,0.20445677117197147
Loop8-d_k1,0.0223472289491653
Loop8-d_k2,0.1563902711154203
Loop8-d_k3,0.061111515844538694
Loop8-d_k4,0.07293152632171629
Loop8-theta0,0.17552571497807223
Loop8-theta1,0.14199263958646857
Loop8-theta2,0.39499534784577583
Loop8-theta3,0.24029730452304476
Loop8-theta4,0.23985960272421636
Loop8-theta5,0.027500679973380793
Loop8-theta6,0.17044246027760357
Loop8-theta7,0.01930107342543186
Loop8-theta8,0.18621973557750587
Loop8-theta9,0.062219874069350034
Loop8-theta10,0.25870380864045994
Loop8-theta11,0.24761370773043184
Loop8-theta12,0.10876944682016099
Loop8-theta13,0.017995605544583015
Loop8-theta14,0.1219639300068101
Loop8-theta15,0.5401036622235185
Loop8-theta16,0.44284220353959913
Loop8-theta17,0.12438015404967007
Loop8-theta18,0.17444833896344658
Loop8-theta19,0.04088083362933892
Loop8-theta20,0.08879211046883023
Loop8-theta21,0.010273386916229033
Loop8-theta22,0.21739581868455152
Loop8-theta23,0.053036991024042246
Loop8-theta24,0.05912432831749859
Loop8-theta25,0.4230342255281574
Loop8-theta26,0.26716528793207406
Loop8-theta27,0.13636469118952751
Loop8-theta28,0.31605695188717264
Loop8-theta29,0.06370587366269875
Loop8-theta30,0.17335653343857746
Loop8-theta31,0.1520498142735674
Loop8-theta32,0.11228747742702971
Loop8-theta33,0.132020940641131
Loop8-theta34,0.32698408593999617
Loop8-theta35,0.038955603314623
Loop8-theta36,0.37902624730686313
Loop8-theta37,0.5062932002850145
Loop8-theta38,0.11431770801096085
Loop8-theta39,0.017793117689782534
Loop8-theta40,0.08192787595351908
Loop8-theta41,0.057739110121496795
Loop8-theta42,0.24536936479269122
Loop8-theta43,0.5094774079252264
Loop8-theta44,0.16688810450387453
Loop8-theta45,0.34375105204245426
Loop8-theta46,0.1689926554361858
Loop8-theta47,0.10792930443448723
Loop8-theta48,0.05190614372941171
Loop8-theta49,0.06444708886566497
Loop9-d_k1,0.13326367555525265
Loop9-d_k2,0.0670347600422469
Loop9-d_k3,0.18767106937859057
Loop9-d_k4,0.012627366218908698
Loop9-theta0,0.10150867241873573
Loop9-theta1,0.11553069112390568
Loop9-theta2,0.33504494094538184
Loop9-theta3,0.26624437745301366
Loop9-theta4,0.40250883047795916
Loop9-theta5,0.2755096824004606
Loop9-theta6,0.8665865593156146
Loop9-theta7,0.09386252816821487
Loop9-theta8,0.3950620983327456
Loop9-theta9,0.2670125145328086
Loop9-theta10,0.12527057356984614
Loop9-theta11,0.11818406396841774
Loop9-theta12,0.013959305018590329
Loop9-theta13,0.2416904078350781
Loop9-theta14,0.015038333519388186
Loop9-theta15,0.21042429845253108
Loop9-theta16,0.011481702111943881
Loop9-theta17,0.47763908766219987
Loop9-theta18,0.4923092938035986
Loop9-theta19,0.09702397996846468
Loop9-theta20,0.38279689117444105
Loop9-theta21,0.07595807206986416
Loop9-theta22,0.2284681196064804
Loop9-theta23,0.008057935404926941
Loop9-theta24,0.43329117852297183
Loop9-theta25,0.017524753679727056
Loop9-theta26,0.13981590450762502
Loop9-theta27,0.16662217633288523
Loop9-theta28,0.037419668258557914
Loop9-theta29,0.16061709428456017
Loop9-theta30,0.13099153832809612
Loop9-theta31,0.11779841415454895
Loop9-theta32,0.09418660154512426
Loop9-theta33,0.4182967536016787
Loop9-theta34,0.2816692415456167
Loop9-theta35,0.39737461461407686
Loop9-theta36,0.3454506058077004
Loop9-theta37,0.08423008236586771
Loop9-theta38,0.0689978790073632
Loop9-theta39,0.1828883939009729
Loop9-theta40,0.0726138762685688
Loop9-theta41,0.22777916790620634
Loop9-theta42,0.19600466229925928
Loop9-theta43,0.10465208932758036
Loop9-theta44,0.11232892053415244
Loop9-theta45,0.12347201267740275
Loop9-theta46,0.06848476677816778
Loop9-theta47,0.06844752238825502
Loop9-theta48,0.16567255404259065
Loop9-theta49,0.38796373580918386
Loop10-d_k1,0.028760693788093095
Loop10-d_k2,0.01473015739787037
Loop10-d_k3,0.03807263527302483
Loop10-d_k4,0.005418215912938451
Loop10-theta0,0.07669045919244855
Loop10-theta1,0.2850558099994338
Loop10-theta2,0.1719890300923777
Loop10-theta3,0.2670439352687777
Loop10-theta4,0.18032077325270812
Loop10-theta5,0.013847453352846761
Loop10-theta6,0.08272564107199165
Loop10-theta7,0.4334781411125743
Loop10-theta8,0.039199092679102765
Loop10-theta9,0.2682192863861794
Loop10-theta10,0.1932616200336288
Loop10-theta11,0.13889459787481565
Loop10-theta12,0.2733789162492366
Loop10-theta13,0.04810174065814976
Loop10-theta14,0.200037173396228
Loop10-theta15,0.21018323181000476
Loop10-theta16,0.29738349951246024
Loop10-theta17,0.3442878165259997
Loop10-theta18,0.29854881039322767
Loop10-theta19,0.08105994268000521
Loop10-theta20,0.0648709270045188
Loop10-theta21,0.41316044744375935
Loop10-theta22,0.22406152301995563
Loop10-theta23,0.1539275620022067
Loop10-theta24,0.16882706527253197
Loop10-theta25,0.24519437874977051
Loop10-theta26,0.1733790287844253
Loop10-theta27,0.14728393805982298
Loop10-theta28,0.037582623491881795
Loop10-theta29,0.24397825742039425
Loop10-theta30,0.09204354396118974
Loop10-theta31,0.36739059154382947
Loop10-theta32,0.06815118640269158
Loop10-theta33,0.08611516496076743
Loop10-theta34,0.07666972523867255
Loop10-theta35,0.16352492971606902
Loop10-theta36,0.04085522833742464
Loop10-theta37,0.020889136435537192
Loop10-theta38,0.13117629947205867
Loop10-theta39,0.143023979469589
Loop10-theta40,0.004842934497333418
Loop10-theta41,0.24645607422310423
Loop10-theta42,0.20351604146657287
Loop10-theta43,0.20849914090651542
Loop10-theta44,0.11362830301384608
Loop10-theta45,0.055960997147651514
Loop10-theta46,0.039493708670793826
Loop10-theta47,0.12113883228007083
Loop10-theta48,0.2850316610373027
Loop10-theta49,0.21838182629329694
Loop11-d_k1,0.04752160750211176
Loop11-d_k2,0.08850142302109704
Loop11-d_k3,0.05723272498855475
Loop11-d_k4,0.09821254050754002
Loop11-theta0,0.06569225719241745
Loop11-theta1,0.09415416250264941
Loop11-theta2,0.026334599424250094
Loop11-theta3,0.26367501154664935
Loop11-theta4,0.02960349896430145
Loop11-theta5,0.5675172207877657
Loop11-theta6,0.18244219982679377
Loop11-theta7,0.4603179484795923
Loop11-theta8,0.20498365174460909
Loop11-theta9,0.07977897563333758
Loop11-theta10,0.016800998226071062
Loop11-theta11,0.5519784498151052
Loop11-theta12,0.43613649682879496
Loop11-theta13,0.10852839297106681
Loop11-theta14,0.16014800775115715
Loop11-theta15,0.6125124128788293
Loop11-theta16,0.3295848066152042
Loop11-theta17,0.14616106949405616
Loop11-theta18,0.04230818768046496
Loop11-theta19,0.2109192006971229
Loop11-theta20,0.2436215363483657
Loop11-theta21,0.1867395513160539
Loop11-theta22,0.26946720889720027
Loop11-theta23,0.10684062874576217
Loop11-theta24,0.103741746649674
Loop11-theta25,0.6738950806278794
Loop11-theta26,0.17734848724016228
Loop11-theta27,0.011327893043764359
Loop11-theta28,0.10277401752285686
Loop11-theta29,0.2087890229697189
Loop11-theta30,0.14557180613533968
Loop11-theta31,0.14373150161339737
Loop11-theta32,0.16077656988585637
Loop11-theta33,0.011972949935105448
Loop11-theta34,0.265245776416601
Loop11-theta35,0.5718771885258138
Loop11-theta36,0.16975220356689402
Loop11-theta37,0.25130853798331054
Loop11-theta38,0.3793904393202983
Loop11-theta39,0.26279239536912824
Loop11-theta40,0.010025285480112611
Loop11-theta41,0.06619933469174194
Loop11-theta42,0.10734880194887086
Loop11-theta43,0.022590094141469508
Loop11-theta44,0.25262971395849176
Loop11-theta45,0.13438426704669432
Loop11-theta46,0.061906812595339034
Loop11-theta47,0.1005320090601245
Loop11-theta48,0.012594149072143956
Loop11-theta49,0.240155703527544
Loop12-d_k1,0.08351339048759421
Loop12-d_k2,0.031102193488388486
Loop12-d_k3,0.10114961216819673
Loop12-d_k4,0.013465971807786636
Loop12-theta0,0.27085472078584694
Loop12-theta1,0.17869491488299347
Loop12-theta2,0.020181319086670646
Loop12-theta3,0.13805302917114703
Loop12-theta4,0.061645516263137155
Loop12-theta5,0.13816439466682012
Loop12-theta6,0.18425110438074044
Loop12-theta7,0.03415504223740262
Loop12-theta8,0.06810320843032681
Loop12-theta9,0.11430237679662471
Loop12-theta10,0.05320484684683313
Loop12-theta11,0.10023572650926371
Loop12-theta12,0.4546726888919866
Loop12-theta13,0.11352362529745896
Loop12-theta14,0.003720333978358248
Loop12-theta15,0.09140305376922053
Loop12-theta16,0.5609145578932679
Loop12-theta17,0.05108982885101998
Loop12-theta18,0.2216372786593872
Loop12-theta19,0.061029758964904646
Loop12-theta20,0.2985364222540023
Loop12-theta21,0.2031943722876639
Loop12-theta22,0.09719175227160304
Loop12-theta23,0.10732837849054144
Loop12-theta24,0.010490293638222292
Loop12-theta25,0.11203987658172898
Loop12-theta26,0.3089613926665806
Loop12-theta27,0.4665581138181014
Loop12-theta28,0.26397476550252597
Loop12-theta29,0.1546592535550284
Loop12-theta30,0.07385365975388605
Loop12-theta31,0.4667303883788886
Loop12-theta32,0.41443230745545767
Loop12-theta33,0.1034159373947392
Loop12-theta34,0.6455748131749901
Loop12-theta35,0.2902846510733271
Loop12-theta36,0.1205447293006987
Loop12-theta37,0.17630125881287806
Loop12-theta38,0.16681075415432317
Loop12-theta39,0.10536195894097616
Loop12-theta40,0.18668814226285008
Loop12-theta41,0.4280207143426198
Loop12-theta42,0.37372579003280504
Loop12-theta43,0.3003570624017064
Loop12-theta44,0.03004145478251219
Loop12-theta45,0.5742549174142172
Loop12-theta46,0.25837653338010524
Loop12-theta47,0.1284064589188909
Loop12-theta48,0.37640856715294424
Loop12-theta49,0.21860550541109802
Loop13-d_k1,0.11344755710726795
Loop13-d_k2,0.10237812223726969
Loop13-d_k3,0.07482921059092579
Loop13-d_k4,0.0858986454609234
Loop13-theta0,0.1462717160099607
Loop13-theta1,0.12780414178172883
Loop13-theta2,0.2721263832877566
Loop13-theta3,0.147862218556107
Loop13-theta4,0.042953746921932434
Loop13-theta5,0.17864744382020104
Loop13-theta6,0.2879769032414282
Loop13-theta7,0.009948298839237903
Loop13-theta8,0.1270090503171794
Loop13-theta9,0.201880269757293
Loop13-theta10,0.35478510679300446
Loop13-theta11,0.03411374000820666
Loop13-theta12,0.027446558561404766
Loop13-theta13,0.27298501696869515
Loop13-theta14,0.41592982671700396
Loop13-theta15,0.00510278384173439
Loop13-theta16,0.1864587539371838
Loop13-theta17,0.16084857281090365
Loop13-theta18,0.21441031322802928
Loop13-theta19,0.07073468196141619
Loop13-theta20,0.17563713042817738
Loop13-theta21,0.4425159430025712
Loop13-theta22,0.2740259063486805
Loop13-theta23,0.2901861898255531
Loop13-theta24,0.06303878889232906
Loop13-theta25,0.26629900133488305
Loop13-theta26,0.1281185184285063
Loop13-theta27,0.010494792226176969
Loop13-theta28,0.19857856726399262
Loop13-theta29,0.1336190912700897
Loop13-theta30,0.008902276258026198
Loop13-theta31,0.24685531760088014
Loop13-theta32,0.2534922970943355
Loop13-theta33,0.013865811233903291
Loop13-theta34,0.03426851600375924
Loop13-theta35,0.3891048168434076
Loop13-theta36,0.20056651727160546
Loop13-theta37,0.02173410922767882
Loop13-theta38,0.19402681328330906
Loop13-theta39,0.17017307408561838
Loop13-theta40,0.2743162866403981
Loop13-theta41,0.01379547775336687
Loop13-theta42,0.14118129269431806
Loop13-theta43,0.28011944008379763
Loop13-theta44,0.017890227929576848
Loop13-theta45,0.009502466498476414
Loop13-theta46,0.15107927351043424
Loop13-theta47,0.2927114165573099
Loop13-theta48,0.1820088585738191
Loop13-theta49,0.44812910295277825
Loop14-d_k1,0.04915359820531806
Loop14-d_k2,0.13558379264375858
Loop14-d_k3,0.14911274597275193
Loop14-d_k4,0.23554294041119245
Loop14-theta0,0.3515799411282032
Loop14-theta1,0.14171342610205073
Loop14-theta2,0.2943541649301544
Loop14-theta3,1.1611698876444827
Loop14-theta4,0.27898198595685275
Loop14-theta5,0.032032783821179134
Loop14-theta6,0.20269327307072726
Loop14-theta7,0.1012045196760607
Loop14-theta8,0.47581665524922534
Loop14-theta9,0.03006921628992315
Loop14-theta10,0.48961285147817835
Loop14-theta11,0.042611022580169966
Loop14-theta12,0.07209785158048043
Loop14-theta13,0.12186273143942167
Loop14-theta14,0.8182022216040352
Loop14-theta15,0.20881168569558778
Loop14-theta16,0.4546513426385834
Loop14-theta17,0.28141559623563417
Loop14-theta18,0.2585649291760099
Loop14-theta19,0.11485566638332245
Loop14-theta20,0.5662307040772652
Loop14-theta21,0.016601038736116902
Loop14-theta22,0.0823831704715916
Loop14-theta23,0.33000104817314724
Loop14-theta24,0.14979910112013917
Loop14-theta25,0.15479660855399846
Loop14-theta26,0.3103205979161114
Loop14-theta27,0.27330175434400883
Loop14-theta28,0.24143710568867305
Loop14-theta29,0.24997898047386458
Loop14-theta30,0.08505661959490035
Loop14-theta31,0.057426710849139306
Loop14-theta32,0.19238672611732643
Loop14-theta33,0.22451202506408197
Loop14-theta34,0.36561255314502056
Loop14-theta35,0.20870694093698816
Loop14-theta36,0.13949779133493756
Loop14-theta37,0.11339256754921156
Loop14-theta38,0.006101614136058253
Loop14-theta39,0.2223826399110045
Loop14-theta40,0.08745312981541131
Loop14-theta41,0.5767791278679751
Loop14-theta42,0.1429223071655506
Loop14-theta43,0.19553165436359393
Loop14-theta44,0.1836660081742434
Loop14-theta45,0.3686583066545305
Loop14-theta46,0.22697600911420313
Loop14-theta47,0.2391314152506758
Loop14-theta48,0.2375714682045218
Loop14-theta49,0.34047213308674434
Loop15-d_k1,0.12536127583545487
Loop15-d_k2,0.06825763626096637
Loop15-d_k3,0.07569027124436789
Loop15-d_k4,0.11792864085205301
Loop15-theta0,0.18101184362916556
Loop15-theta1,0.14244481982702806
Loop15-theta2,0.03324306318141651
Loop15-theta3,0.5406052982937153
Loop15-theta4,0.21244852110456935
Loop15-theta5,0.0530797731352779
Loop15-theta6,0.10608009657733142
Loop15-theta7,0.3250095228366491
Loop15-theta8,0.4388233712438343
Loop15-theta9,0.12125020434361738
Loop15-theta10,0.07536642543645403
Loop15-theta11,0.32597352948051533
Loop15-theta12,0.40017768156766653
Loop15-theta13,0.3920612734965294
Loop15-theta14,0.3442321725601252
Loop15-theta15,0.3794954301819104
Loop15-theta16,0.04271668034411086
Loop15-theta17,0.35474278646251345
Loop15-theta18,0.0060070609851727436
Loop15-theta19,0.19246153054411114
Loop15-theta20,0.21608263248704312
Loop15-theta21,0.10046610724649635
Loop15-theta22,0.02010969298127374
Loop15-theta23,0.1493171813147497
Loop15-theta24,0.21391766752036823
Loop15-theta25,0.1817937863512223
Loop15-theta26,0.2247254019961616
Loop15-theta27,0.05200807887168468
Loop15-theta28,0.13478111205233043
Loop15-theta29,0.025555907280401136
Loop15-theta30,0.21809612785450128
Loop15-theta31,0.3087239430861174
Loop15-theta32,0.11013540895091639
Loop15-theta33,0.12155843874524119
Loop15-theta34,0.23248858201518852
Loop15-theta35,0.19987912238170713
Loop15-theta36,0.0987777528524918
Loop15-theta37,0.2477602586897502
Loop15-theta38,0.10648915699987543
Loop15-theta39,0.12279449046473911
Loop15-theta40,0.04215278344402118
Loop15-theta41,0.18772146624006109
Loop15-theta42,0.18742926643710936
Loop15-theta43,0.04409422794042664
Loop15-theta44,0.03663471569835314
Loop15-theta45,0.5186753431703153
Loop15-theta46,0.12827176327072753
Loop15-theta47,0.16698978948782095
Loop15-theta48,0.49029805779084845
Loop15-theta49,0.06580504271088705
Loop16-d_k1,0.06130592251688871
Loop16-d_k2,0.028904378370410155
Loop16-d_k3,0.04930215375605923
Loop16-d_k4,0.08170369790253773
Loop16-theta0,0.194777098083864
Loop16-theta1,0.10495715877873249
Loop16-theta2,0.11788661703210579
Loop16-theta3,0.049683148680720046
Loop16-theta4,0.43429208030030875
Loop16-theta5,0.10187122394243042
Loop16-theta6,0.4427459782939854
Loop16-theta7,0.3608964856706013
Loop16-theta8,0.1230777600130657
Loop16-theta9,0.3190345965288293
Loop16-theta10,0.02206141609078105
Loop16-theta11,0.06631522899853243
Loop16-theta12,0.3686758453186652
Loop16-theta13,0.029955411524522246
Loop16-theta14,0.11689910925172908
Loop16-theta15,0.10569235338159255
Loop16-theta16,0.04144385451173749
Loop16-theta17,0.2477823491006445
Loop16-theta18,0.21962008292785307
Loop16-theta19,0.05263701514243463
Loop16-theta20,0.38084563826769924
Loop16-theta21,0.0048631575456826726
Loop16-theta22,0.06277385316764283
Loop16-theta23,0.07479449606512933
Loop16-theta24,0.24951021919115485
Loop16-theta25,0.09983080927758992
Loop16-theta26,0.1787384333246303
Loop16-theta27,0.4308896375218012
Loop16-theta28,0.2121212386634071
Loop16-theta29,0.3498077682282914
Loop16-theta30,0.14143958791341726
Loop16-theta31,0.2074223681815286
Loop16-theta32,0.25161856448260644
Loop16-theta33,0.18536450816302563
Loop16-theta34,0.09409582344337261
Loop16-theta35,0.031200270834018218
Loop16-theta36,0.371304127174167
Loop16-theta37,0.1600256421841728
Loop16-theta38,0.043726647880001024
Loop16-theta39,0.358838743770476
Loop16-theta40,0.11847339014956138
Loop16-theta41,0.340944222327751
Loop16-theta42,0.13597959826653172
Loop16-theta43,0.1855643311904019
Loop16-theta44,0.16370365398984354
Loop16-theta45,0.17316185861777245
Loop16-theta46,0.021575882621715614
Loop16-theta47,0.038756431911291855
Loop16-theta48,0.04595694248320714
Loop16-theta49,0.15956361713120654
Loop17-d_k1,0.04747896588009748
Loop17-d_k2,0.005923803902870339
Loop17-d_k3,0.10255198900255405
Loop17-d_k4,0.14410715097978133
Loop17-theta0,0.0933179152717059
Loop17-theta1,0.0045961683341673165
Loop17-theta2,0.2679850232193639
Loop17-theta3,0.07480399586050474
Loop17-theta4,0.3046920331926979
Loop17-theta5,0.5512149778861746
Loop17-theta6,0.10398617085130996
Loop17-theta7,0.29941232147104235
Loop17-theta8,0.01934628724084031
Loop17-theta9,0.05393265042023698
Loop17-theta10,0.2635524105721646
Loop17-theta11,0.049763738772168775
Loop17-theta12,0.052197826059958485
Loop17-theta13,0.1157150547846284
Loop17-theta14,0.12060170533264669
Loop17-theta15,0.07353363081297215
Loop17-theta16,0.30395434055722786
Loop17-theta17,0.423702168778603
Loop17-theta18,0.2845406337167693
Loop17-theta19,0.041115981880960106
Loop17-theta20,0.3685585428542453
Loop17-theta21,0.1065643526724196
Loop17-theta22,0.45035169412223586
Loop17-theta23,0.32808502985532495
Loop17-theta24,0.18723782016844936
Loop17-theta25,0.2004133383661264
Loop17-theta26,0.056475292196517805
Loop17-theta27,0.009646382935818043
Loop17-theta28,0.07239990557549225
Loop17-theta29,0.02116345058394664
Loop17-theta30,0.13176931497552546
Loop17-theta31,0.17312163114584078
Loop17-theta32,0.05211023437080958
Loop17-theta33,0.01613945310874021
Loop17-theta34,0.19473520917806453
Loop17-theta35,0.009639670597562211
Loop17-theta36,0.16923722384071202
Loop17-theta37,0.24569367557335137
Loop17-theta38,0.04369981391883304
Loop17-theta39,0.4206800460096527
Loop17-theta40,0.44891597523646676
Loop17-theta41,0.35578126393436693
Loop17-theta42,0.10523521312219072
Loop17-theta43,0.5372123997911429
Loop17-theta44,0.060209889752217416
Loop17-theta45,0.11595165726783213
Loop17-theta46,0.04272262299339702
Loop17-theta47,0.43969372959759423
Loop17-theta48,0.06365255169500761
Loop17-theta49,0.4183014982177502
Loop18-d_k1,0.1785263424030077
Loop18-d_k2,0.08503661399193449
Loop18-d_k3,0.04605073977089855
Loop18-d_k4,0.04743898864017537
Loop18-theta0,0.08481225640558762
Loop18-theta1,0.1739219022452757
Loop18-theta2,0.31000239243929717
Loop18-theta3,0.35305645583554857
Loop18-theta4,0.5937038943682863
Loop18-theta5,0.168292853774606
Loop18-theta6,0.12801390546173075
Loop18-theta7,0.3616503468789265
Loop18-theta8,0.138544833569628
Loop18-theta9,0.4538987135119894
Loop18-theta10,0.01573427007303485
Loop18-theta11,0.34640909456618507
Loop18-theta12,0.08890340314966683
Loop18-theta13,0.033313772986630186
Loop18-theta14,0.5995695934767048
Loop18-theta15,0.2579780824520206
Loop18-theta16,0.17451550306310457
Loop18-theta17,0.10028729714849936
Loop18-theta18,0.30340306454993937
Loop18-theta19,0.0245985366573762
Loop18-theta20,0.1675295412533775
Loop18-theta21,0.17663634980275533
Loop18-theta22,0.1302660523425211
Loop18-theta23,0.10412335304576592
Loop18-theta24,0.33610864266692275
Loop18-theta25,0.12138426831437721
Loop18-theta26,0.08467255460165454
Loop18-theta27,0.046931739940652584
Loop18-theta28,0.08974325277873496
Loop18-theta29,0.27359398309155947
Loop18-theta30,0.4339843952675106
Loop18-theta31,0.028096936353003032
Loop18-theta32,0.6044298607733587
Loop18-theta33,0.13771885697941333
Loop18-theta34,0.030154360092677468
Loop18-theta35,0.4088361651762479
Loop18-theta36,0.13078776790289615
Loop18-theta37,0.3473075459471626
Loop18-theta38,0.03871489522308025
Loop18-theta39,0.4743608501474956
Loop18-theta40,0.2397462744163047
Loop18-theta41,0.2708324528237585
Loop18-theta42,0.26552778336285443
Loop18-theta43,0.33722967915565194
Loop18-theta44,0.3674266110939165
Loop18-theta45,0.24578822317335058
Loop18-theta46,0.3765762084068721
Loop18-theta47,0.21482378023795579
Loop18-theta48,0.4700796355432977
Loop18-theta49,0.20396514806903066
Loop19-d_k1,0.07071085580288994
Loop19-d_k2,0.057984015124979305
Loop19-d_k3,0.13158469915168727
Loop19-d_k4,0.002889828223817892
Loop19-theta0,0.04865822177864032
Loop19-theta1,0.18324868768145652
Loop19-theta2,0.1400234076267532
Loop19-theta3,0.005675389422690233
Loop19-theta4,0.1443133717691219
Loop19-theta5,0.4089543166326912
Loop19-theta6,0.028329968163986585
Loop19-theta7,0.4170740279265489
Loop19-theta8,0.17850337102359737
Loop19-theta9,0.22847640871759722
Loop19-theta10,0.005270516832045713
Loop19-theta11,0.541906995836782
Loop19-theta12,0.11333641385442272
Loop19-theta13,0.3346048908423265
Loop19-theta14,0.07598726235976105
Loop19-theta15,0.22511935685248952
Loop19-theta16,0.014640435821373643
Loop19-theta17,0.05101986063108044
Loop19-theta18,0.15999274737814662
Loop19-theta19,0.02912900611580227
Loop19-theta20,0.050461621245408206
Loop19-theta21,0.20509625747463378
Loop19-theta22,0.0589085380669403
Loop19-theta23,0.104819488709466
Loop19-theta24,0.2492888218808837
Loop19-theta25,0.09588557580159818
Loop19-theta26,0.06985035716132426
Loop19-theta27,0.23387004100161302
Loop19-theta28,0.1613168892511816
Loop19-theta29,0.031025329668641577
Loop19-theta30,0.23215321756717033
Loop19-theta31,0.4098438280607807
Loop19-theta32,0.13021569293116528
Loop19-theta33,0.47188220111124624
Loop19-theta34,0.18360825077393408
Loop19-theta35,0.14241278980055672
Loop19-theta36,0.1257208903827291
Loop19-theta37,0.025398880765623355
Loop19-theta38,0.37064588588628056
Loop19-theta39,0.02044047654183556
Loop19-theta40,0.02908604434361073
Loop19-theta41,0.2590500616747467
Loop19-theta42,0.002555967565499473
Loop19-theta43,0.1922801663401439
Loop19-theta44,0.10834620137852857
Loop19-theta45,0.03832118713915092
Loop19-theta46,0.13356113505293532
Loop19-theta47,0.014819535426398245
Loop19-theta48,0.02288139940478512
Loop19-theta49,0.16418367755792276
Loop20-d_k1,0.005166115206377109
Loop20-d_k2,0.006994064613744744
Loop20-d_k3,0.015516394393845223
Loop20-d_k4,0.0136884449864777
Loop20-theta0,0.28455544498246765
Loop20-theta1,0.05935968752020132
Loop20-theta2,0.2876608707876266
Loop20-theta3,0.32468129114492905
Loop20-theta4,0.12594524657494416
Loop20-theta5,0.05767979359355624
Loop20-theta6,0.299159688452057
Loop20-theta7,0.18125024198962247
Loop20-theta8,0.026818228405827926
Loop20-theta9,0.07101033969798054
Loop20-theta10,0.19163383806594592
Loop20-theta11,0.007405789312137867
Loop20-theta12,0.2236912155761348
Loop20-theta13,0.04296036659121055
Loop20-theta14,0.356846300225866
Loop20-theta15,0.25013051421716875
Loop20-theta16,0.3007248097062276
Loop20-theta17,0.11105258694390274
Loop20-theta18,0.36610175895675867
Loop20-theta19,0.05568558980068028
Loop20-theta20,0.16857089684147752
Loop20-theta21,0.27414435278126525
Loop20-theta22,0.11269852712552653
Loop20-theta23,0.02884816740169427
Loop20-theta24,0.012084840928991092
Loop20-theta25,0.5800775921082283
Loop20-theta26,0.055066420819425116
Loop20-theta27,0.02428582327498724
Loop20-theta28,0.23469234057940236
Loop20-theta29,0.04732035017564762
Loop20-theta30,0.4441541429201443
Loop20-theta31,0.27358744623750053
Loop20-theta32,0.16947060248630696
Loop20-theta33,0.11818752289835724
Loop20-theta34,0.14614770413720302
Loop20-theta35,0.17458779779777767
Loop20-theta36,0.049078642477769885
Loop20-theta37,0.12938682797622048
Loop20-theta38,0.2819246266175416
Loop20-theta39,0.0901828061203288
Loop20-theta40,0.3980728125070493
Loop20-theta41,0.12087547062682302
Loop20-theta42,0.39375160637674267
Loop20-theta43,0.0752174693837695
Loop20-theta44,0.2744163856784049
Loop20-theta45,0.16967411379830488
Loop20-theta46,0.0861574618361989
Loop20-theta47,0.022816124210135805
Loop20-theta48,0.5248011063589011
Loop20-theta49,0.11713908515909902
Loop21-d_k1,0.05415224462455526
Loop21-d_k2,0.05390903017190009
Loop21-d_k3,0.025706066059910895
Loop21-d_k4,0.025462851607255477
Loop21-theta0,0.09184221677767024
Loop21-theta1,0.3634755369108197
Loop21-theta2,0.23707619355073706
Loop21-theta3,0.6162429600994139
Loop21-theta4,0.027776781755952842
Loop21-theta5,0.012628833637131742
Loop21-theta6,0.21994237062004596
Loop21-theta7,0.02428684605708964
Loop21-theta8,0.19847007850133902
Loop21-theta9,0.44384997877962173
Loop21-theta10,0.3603472724120447
Loop21-theta11,0.10720558629692228
Loop21-theta12,0.1626647113129209
Loop21-theta13,0.09711918600010305
Loop21-theta14,0.0902894669489328
Loop21-theta15,0.4633784038215027
Loop21-theta16,0.21761122713447345
Loop21-theta17,0.1379254502974463
Loop21-theta18,0.10062059455107425
Loop21-theta19,0.2717367562459132
Loop21-theta20,0.1574097356757358
Loop21-theta21,0.22752527875173378
Loop21-theta22,0.06997490231322062
Loop21-theta23,0.0011332572102085159
Loop21-theta24,0.19486902917349436
Loop21-theta25,3.516238613156808E-4
Loop21-theta26,0.4506446335432758
Loop21-theta27,0.5266210489220621
Loop21-theta28,0.2608337275296003
Loop21-theta29,0.43619017474740274
Loop21-theta30,0.012385703838961537
Loop21-theta31,0.0397914184419603
Loop21-theta32,0.31396516608456315
Loop21-theta33,0.2094435528828722
Loop21-theta34,0.07991351070577835
Loop21-theta35,0.11427372328358876
Loop21-theta36,0.1691037774067095
Loop21-theta37,0.23965765453016943
Loop21-theta38,0.16487000790378192
Loop21-theta39,0.0284655145658727
Loop21-theta40,0.19103028243566844
Loop21-theta41,0.15620509765733304
Loop21-theta42,0.47454234756369684
Loop21-theta43,0.35274973311958685
Loop21-theta44,0.13467043225378317
Loop21-theta45,0.15936591627644806
Loop21-theta46,0.053441058256970875
Loop21-theta47,0.22529777902344228
Loop21-theta48,0.1530271518701798
Loop21-theta49,0.1590170490669337
Loop22-d_k1,0.10871988281817713
Loop22-d_k2,0.28462203346219506
Loop22-d_k3,0.21686891593382512
Loop22-d_k4,0.04096676528980736
Loop22-theta0,0.23316997774145737
Loop22-theta1,0.5782016630555907
Loop22-theta2,0.15132119212091083
Loop22-theta3,0.3315471804897574
Loop22-theta4,0.41308624870813204
Loop22-theta5,0.18772030124672712
Loop22-theta6,0.10936250049480037
Loop22-theta7,0.11505045310313555
Loop22-theta8,0.37585412547731334
Loop22-theta9,0.12757596093971157
Loop22-theta10,0.052773417184762667
Loop22-theta11,0.17223863917655202
Loop22-theta12,0.30497965244924935
Loop22-theta13,0.13199166468422446
Loop22-theta14,0.1421247612910279
Loop22-theta15,0.2824674280458407
Loop22-theta16,0.11334952280191501
Loop22-theta17,0.040320486134353906
Loop22-theta18,0.1118387378005688
Loop22-theta19,0.47226353391000675
Loop22-theta20,0.19136568388988634
Loop22-theta21,0.14662072061031783
Loop22-theta22,0.3931013803460158
Loop22-theta23,0.08095100376186054
Loop22-theta24,0.054604140935367
Loop22-theta25,0.02211893196538084
Loop22-theta26,0.4071417051252749
Loop22-theta27,0.48759660511679503
Loop22-theta28,0.4942410613380718
Loop22-theta29,0.023830982619921004
Loop22-theta30,0.032447148612629595
Loop22-theta31,0.037917198885998094
Loop22-theta32,0.0012755761049456638
Loop22-theta33,0.1032769950680838
Loop22-theta34,0.06538341762422373
Loop22-theta35,0.14050549862766948
Loop22-theta36,0.10335612009170436
Loop22-theta37,0.37947358804093334
Loop22-theta38,0.04749189143965854
Loop22-theta39,0.1110782674492033
Loop22-theta40,0.0648117100300492
Loop22-theta41,0.5018674457685732
Loop22-theta42,0.10443028595592829
Loop22-theta43,0.1665004944207279
Loop22-theta44,0.08366460596177483
Loop22-theta45,0.08553932665464936
Loop22-theta46,0.12265971863115932
Loop22-theta47,0.26236293976753045
Loop22-theta48,0.28761207356835317
Loop22-theta49,0.25111232428276
Loop23-d_k1,0.022446652576568416
Loop23-d_k2,0.03521270774801913
Loop23-d_k3,0.010807591691511298
Loop23-d_k4,0.001958463479939332
Loop23-theta0,0.007030379232719874
Loop23-theta1,0.11987375618741614
Loop23-theta2,0.17731964808823683
Loop23-theta3,0.19805303670566388
Loop23-theta4,0.14248410229912456
Loop23-theta5,0.20427991152441316
Loop23-theta6,0.0527967004429859
Loop23-theta7,0.007534741396632849
Loop23-theta8,0.14293354617323106
Loop23-theta9,0.7406610497580746
Loop23-theta10,0.21586908510282443
Loop23-theta11,0.11267021843351332
Loop23-theta12,0.3277101925385877
Loop23-theta13,0.2875605832163528
Loop23-theta14,0.24216531486012194
Loop23-theta15,0.38612521734145666
Loop23-theta16,0.3623544235358124
Loop23-theta17,0.2412573133520324
Loop23-theta18,0.36752789000820996
Loop23-theta19,0.19855975247404023
Loop23-theta20,0.07341929425133942
Loop23-theta21,0.2860792910734724
Loop23-theta22,0.2527608087125638
Loop23-theta23,0.054230610008567215
Loop23-theta24,0.05556677293000156
Loop23-theta25,0.20152257441170252
Loop23-theta26,0.1731338089131509
Loop23-theta27,0.1156298687763804
Loop23-theta28,0.448336521469773
Loop23-theta29,0.01934635756637737
Loop23-theta30,0.17994707765627682
Loop23-theta31,0.16448372335609093
Loop23-theta32,0.27155553843420366
Loop23-theta33,0.1452952167783671
Loop23-theta34,0.17488036649273986
Loop23-theta35,0.6974892054067972
Loop23-theta36,0.2589511038369168
Loop23-theta37,0.0789585725402523
Loop23-theta38,0.44274331769593367
Loop23-theta39,0.1427047328918239
Loop23-theta40,0.2513954909408702
Loop23-theta41,0.241046291492784
Loop23-theta42,0.18745470075205584
Loop23-theta43,0.14966740839216586
Loop23-theta44,0.37159699556946246
Loop23-theta45,0.2531838545887928
Loop23-theta46,0.1680235983378982
Loop23-theta47,0.15923374473441698
Loop23-theta48,0.022065478043275483
Loop23-theta49,0.10622987471669665
Loop24-d_k1,0.16453833747783586
Loop24-d_k2,0.09698154512628523
Loop24-d_k3,0.19423189400716534
Loop24-d_k4,0.06728798859695584
Loop24-theta0,0.01482756029239446
Loop24-theta1,0.042805580761388795
Loop24-theta2,0.12193176555496166
Loop24-theta3,0.09285430814870888
Loop24-theta4,0.15961144859727838
Loop24-theta5,0.09453475560241809
Loop24-theta6,0.01896094072954313
Loop24-theta7,0.13723774295320285
Loop24-theta8,0.16631807342082827
Loop24-theta9,0.2237278099894091
Loop24-theta10,0.15324055870531095
Loop24-theta11,0.14827472701088806
Loop24-theta12,0.22163950638018864
Loop24-theta13,0.11496193931472701
Loop24-theta14,0.3123591994659359
Loop24-theta15,0.14687673059046388
Loop24-theta16,0.09084602702757483
Loop24-theta17,0.28042688513828834
Loop24-theta18,0.5465258968054426
Loop24-theta19,0.09779439006254065
Loop24-theta20,0.18424479666331428
Loop24-theta21,0.0719548647202396
Loop24-theta22,0.004318115616879392
Loop24-theta23,0.5059115459457216
Loop24-theta24,0.025257209491511
Loop24-theta25,0.4408417014495145
Loop24-theta26,0.16050382911341532
Loop24-theta27,0.18387583245864048
Loop24-theta28,0.04278384872358254
Loop24-theta29,0.14097818614925323
Loop24-theta30,0.679318420762866
Loop24-theta31,0.19863524139985608
Loop24-theta32,0.05325429718588526
Loop24-theta33,0.1228056461635251
Loop24-theta34,0.04271307106766331
Loop24-theta35,0.16095394757256387
Loop24-theta36,0.21418303868304633
Loop24-theta37,0.04780414084190543
Loop24-theta38,0.07912832408185883
Loop24-theta39,0.5563633090810218
Loop24-theta40,0.11556286522626369
Loop24-theta41,0.2959944017783046
Loop24-theta42,0.29198690601289234
Loop24-theta43,0.24439116413930928
Loop24-theta44,0.3249172793077769
Loop24-theta45,0.08411347482087048
Loop24-theta46,0.17544999742432565
Loop24-theta47,0.02340435428439136
Loop24-theta48,0.11909370114058881
Loop24-theta49,0.21693929619588603
Loop25-d_k1,0.10878576763945019
Loop25-d_k2,0.023797440385227908
Loop25-d_k3,0.10857420751795183
Loop25-d_k4,0.19356253477217417
Loop25-theta0,0.2055537953285257
Loop25-theta1,0.02145426477157142
Loop25-theta2,0.1364208397543598
Loop25-theta3,0.37703853536975496
Loop25-theta4,0.26544083055658296
Loop25-theta5,0.0269703366936771
Loop25-theta6,0.09067318918506262
Loop25-theta7,0.3203373568256015
Loop25-theta8,0.16040251684717965
Loop25-theta9,0.25743685818311524
Loop25-theta10,0.013263904206557708
Loop25-theta11,0.006839682101703715
Loop25-theta12,0.09887118063037714
Loop25-theta13,0.13885149669735897
Loop25-theta14,0.19331418211793827
Loop25-theta15,0.15150408837491103
Loop25-theta16,0.2495450259074062
Loop25-theta17,0.07374815924713274
Loop25-theta18,0.15383232327152863
Loop25-theta19,0.19543259735140656
Loop25-theta20,0.46729753000116303
Loop25-theta21,0.30984851463251345
Loop25-theta22,0.1263809931605171
Loop25-theta23,0.05734274925137639
Loop25-theta24,0.19670936882683493
Loop25-theta25,0.05220653659367691
Loop25-theta26,0.006294970078589257
Loop25-theta27,0.29410759065485625
Loop25-theta28,0.28144077504916254
Loop25-theta29,0.03453956621862328
Loop25-theta30,0.0994949656836529
Loop25-theta31,0.20323200051378132
Loop25-theta32,0.04349257012752017
Loop25-theta33,0.25322472946395763
Loop25-theta34,0.19096014939079992
Loop25-theta35,0.012707481082705363
Loop25-theta36,0.13385049805254973
Loop25-theta37,0.3743136371889907
Loop25-theta38,0.12132395575294219
Loop25-theta39,0.10764340382566484
Loop25-theta40,0.0012779256375375914
Loop25-theta41,0.6904933226126604
Loop25-theta42,0.21554175017536836
Loop25-theta43,0.49752878626483765
Loop25-theta44,0.14386605793658247
Loop25-theta45,0.6268054191622541
Loop25-theta46,0.17365473119104247
Loop25-theta47,0.00653648612099289
Loop25-theta48,0.12129168701780557
Loop25-theta49,0.10233275804635777
Loop26-d_k1,0.2302081693553204
Loop26-d_k2,0.19885571781768885
Loop26-d_k3,0.05775521843705783
Loop26-d_k4,0.08910766997468889
Loop26-theta0,0.3425583079394493
Loop26-theta1,0.01863951218696036
Loop26-theta2,0.12820536707611296
Loop26-theta3,0.5968490339282826
Loop26-theta4,0.2613730693336152
Loop26-theta5,0.44596378705131956
Loop26-theta6,0.022712920063869768
Loop26-theta7,0.22928811796731113
Loop26-theta8,0.15651073507293092
Loop26-theta9,0.0483563798361788
Loop26-theta10,0.2317534519819502
Loop26-theta11,0.06005575516905193
Loop26-theta12,0.09950564670069985
Loop26-theta13,0.003393404540666445
Loop26-theta14,0.17148722342688183
Loop26-theta15,0.13870237007970548
Loop26-theta16,0.1868357071959279
Loop26-theta17,0.45268455046105144
Loop26-theta18,0.2784312017825855
Loop26-theta19,0.2519153930028456
Loop26-theta20,0.1403149031754004
Loop26-theta21,0.3873417186737353
Loop26-theta22,0.46735476226227335
Loop26-theta23,0.2995111459825432
Loop26-theta24,0.058879154659529725
Loop26-theta25,0.43986255617591785
Loop26-theta26,0.027043127080283114
Loop26-theta27,0.3140231475467685
Loop26-theta28,0.057202838091737096
Loop26-theta29,6.610871934205065E-4
Loop26-theta30,0.17906996594292635
Loop26-theta31,0.262739096569769
Loop26-theta32,0.25543045933845665
Loop26-theta33,0.2547695625398081
Loop26-theta34,0.17597949717618638
Loop26-theta35,0.28273676799394654
Loop26-theta36,0.2554087218871688
Loop26-theta37,0.16236973511208833
Loop26-theta38,0.15141335377655105
Loop26-theta39,0.4510286716597176
Loop26-theta40,0.024921653365749474
Loop26-theta41,0.12049562163914329
Loop26-theta42,0.4547721882694308
Loop26-theta43,0.060088788995090514
Loop26-theta44,0.064179713696211
Loop26-theta45,0.19439797643579917
Loop26-theta46,0.12591550254137607
Loop26-theta47,0.22943432209016823
Loop26-theta48,0.14088150482528172
Loop26-theta49,0.15432787145983562
Loop27-d_k1,0.053522435073226404
Loop27-d_k2,0.07514542676091562
Loop27-d_k3,0.003758038868060365
Loop27-d_k4,0.12490982296608122
Loop27-theta0,0.24404487983695788
Loop27-theta1,0.18557587272677617
Loop27-theta2,0.2756341729185281
Loop27-theta3,0.17080468988550157
Loop27-theta4,0.09660212972442606
Loop27-theta5,0.18052215106769104
Loop27-theta6,0.24901592847100468
Loop27-theta7,0.25452709465481926
Loop27-theta8,0.022429191020869155
Loop27-theta9,0.14759833138366202
Loop27-theta10,0.03943467711611648
Loop27-theta11,0.22782770172120886
Loop27-theta12,0.051584725284967436
Loop27-theta13,0.12117460323534379
Loop27-theta14,0.5158096246767456
Loop27-theta15,0.03746141022835081
Loop27-theta16,0.6430674227733405
Loop27-theta17,0.0701803415210327
Loop27-theta18,0.050091889398265144
Loop27-theta19,0.1435330994702626
Loop27-theta20,0.3779241793597299
Loop27-theta21,0.061629000139277634
Loop27-theta22,0.05597457520529017
Loop27-theta23,0.22207432598288712
Loop27-theta24,0.16991050232447824
Loop27-theta25,0.0993311307529441
Loop27-theta26,0.13384916695717095
Loop27-theta27,0.4303411210913448
Loop27-theta28,0.21516683948154247
Loop27-theta29,0.22713811748221185
Loop27-theta30,0.15614103006548702
Loop27-theta31,0.07277937011571045
Loop27-theta32,0.2893834471614587
Loop27-theta33,0.047165806894161444
Loop27-theta34,0.0643882365250864
Loop27-theta35,0.29666169305007445
Loop27-theta36,0.2525736965749016
Loop27-theta37,0.21507860884206825
Loop27-theta38,0.1499212843854167
Loop27-theta39,0.14873712126995312
Loop27-theta40,0.10706265114540696
Loop27-theta41,0.1630455747326398
Loop27-theta42,0.14122238194977887
Loop27-theta43,0.2305396783194933
Loop27-theta44,0.23312098305767492
Loop27-theta45,0.008104204090979561
Loop27-theta46,0.22142854936995915
Loop27-theta47,0.14714822557109453
Loop27-theta48,0.3086291066644531
Loop27-theta49,0.37962473803546054
Loop28-d_k1,0.09368205676044017
Loop28-d_k2,0.035074118241764124
Loop28-d_k3,0.17334067146025517
Loop28-d_k4,0.04458449645805107
Loop28-theta0,0.6367847955346555
Loop28-theta1,0.12942575909927767
Loop28-theta2,0.16589218766412606
Loop28-theta3,0.18385273845725592
Loop28-theta4,0.29143654416754244
Loop28-theta5,0.20833275161457876
Loop28-theta6,0.031295698152019824
Loop28-theta7,0.029325262785500072
Loop28-theta8,0.10418017462233664
Loop28-theta9,0.23054099465363997
Loop28-theta10,0.12318788377575396
Loop28-theta11,0.02861556801147558
Loop28-theta12,0.06394281385721379
Loop28-theta13,0.159901737569919
Loop28-theta14,0.15556630619126227
Loop28-theta15,0.1332846053073522
Loop28-theta16,0.2953635671584095
Loop28-theta17,2.5286919590405965E-4
Loop28-theta18,0.04583231069081836
Loop28-theta19,0.4772426533083487
Loop28-theta20,0.3743839789694473
Loop28-theta21,0.08678612227718974
Loop28-theta22,0.04041724838628913
Loop28-theta23,0.11778197218330749
Loop28-theta24,0.03932219416336902
Loop28-theta25,0.1159686911227768
Loop28-theta26,0.2884619026661739
Loop28-theta27,0.11498794583384342
Loop28-theta28,0.40195594721437156
Loop28-theta29,0.27380531309938316
Loop28-theta30,0.013318571709160842
Loop28-theta31,0.30832579850930586
Loop28-theta32,0.2680706850232195
Loop28-theta33,0.12443238169789539
Loop28-theta34,0.08033837041293687
Loop28-theta35,0.06461581499860913
Loop28-theta36,0.11751234639168029
Loop28-theta37,0.17838109534269375
Loop28-theta38,0.030689919488099293
Loop28-theta39,0.08037303887910774
Loop28-theta40,0.22986760447625718
Loop28-theta41,0.24396827475069027
Loop28-theta42,0.020047083071106253
Loop28-theta43,0.29953641848803025
Loop28-theta44,0.18785173356270168
Loop28-theta45,0.03683060478797884
Loop28-theta46,0.5613594050955643
Loop28-theta47,0.19821049641599023
Loop28-theta48,0.2760235111792413
Loop28-theta49,0.032639909443859305
Loop29-d_k1,0.0552576951509558
Loop29-d_k2,0.05143084717944402
Loop29-d_k3,0.03050451543334931
Loop29-d_k4,0.02667766746183653
Loop29-theta0,0.1982739904954295
Loop29-theta1,0.0033174561113642476
Loop29-theta2,0.30714550336308
Loop29-theta3,0.06082621677943889
Loop29-theta4,0.2036139290861557
Loop29-theta5,0.13514012540770642
Loop29-theta6,0.1763236485486978
Loop29-theta7,0.020891925496199004
Loop29-theta8,0.09126947522901219
Loop29-theta9,0.21302443048264108
Loop29-theta10,0.06992468478647096
Loop29-theta11,0.42967964911083434
Loop29-theta12,0.06896552996109062
Loop29-theta13,0.08168861599767341
Loop29-theta14,0.06934188738221969
Loop29-theta15,0.03319247140914411
Loop29-theta16,0.10133137858235097
Loop29-theta17,0.3878794841033465
Loop29-theta18,0.286554561418405
Loop29-theta19,0.21424219183330662
Loop29-theta20,0.05562393684081135
Loop29-theta21,0.36405141178320277
Loop29-theta22,0.3152522986277766
Loop29-theta23,0.1457144903821989
Loop29-theta24,0.27312748829083344
Loop29-theta25,0.35064280862952657
Loop29-theta26,0.19336030305023688
Loop29-theta27,0.37752239728318965
Loop29-theta28,0.09715276865088801
Loop29-theta29,0.12896433072391633
Loop29-theta30,0.15532823256271183
Loop29-theta31,0.3259926043547771
Loop29-theta32,0.11344219461652383
Loop29-theta33,0.3407166644666416
Loop29-theta34,0.3164512357423446
Loop29-theta35,0.34935538002126776
Loop29-theta36,0.01608168225383305
Loop29-theta37,0.05653677849261379
Loop29-theta38,0.2910674341008514
Loop29-theta39,0.01458964553849379
Loop29-theta40,0.4709418100753018
Loop29-theta41,0.011474086566215957
Loop29-theta42,0.09707565248480798
Loop29-theta43,0.18354033595287955
Loop29-theta44,0.01751185954354506
Loop29-theta45,0.41351748694219165
Loop29-theta46,0.27263408635863273
Loop29-theta47,0.23296402750644774
Loop29-theta48,0.19055529260466508
Loop29-theta49,0.10725232240801941
