Loop0-beta_i1,0.13256741824153148
Loop0-beta_i2,0.291982426176679
Loop0-beta_i3,0.23685081436193955
Loop0-beta_i4,0.2394891627433463
Loop0-beta_r3,0.03394808250426895
Loop0-beta_r4,0.04860488008574648
Loop0-d_k1,0.08320150262874926
Loop0-d_k2,0.12282451702549232
Loop0-d_k3,0.006647298602101337
Loop0-d_k4,0.04627031299884421
Loop0-theta0,0.3845764017376405
Loop0-theta1,0.3963519027160187
Loop0-theta2,0.11803788567713691
Loop0-theta3,0.025705212429502744
Loop0-theta4,0.5817076513315579
Loop0-theta5,0.1987377793237285
Loop0-theta6,0.11227476448906792
Loop0-theta7,0.40508391659935733
Loop0-theta8,0.6644953596371826
Loop0-theta9,0.17765984813904878
Loop0-theta10,0.07094404833214024
Loop0-theta11,0.22392543224805367
Loop0-theta12,0.13957147732038733
Loop0-theta13,0.28213237702710203
Loop0-theta14,0.44691131843243564
Loop0-theta15,0.1310698072859121
Loop0-theta16,0.20924120395290413
Loop0-theta17,0.09936037487910868
Loop0-theta18,0.2359440429213298
Loop0-theta19,0.4298213475275481
Loop0-theta20,0.08883593426641423
Loop0-theta21,0.05958600994432017
Loop0-theta22,0.6204896748744193
Loop0-theta23,0.20623858143913976
Loop0-theta24,0.23423232937881222
Loop0-theta25,0.3218805124268389
Loop0-theta26,0.8265129998844123
Loop0-theta27,0.216290418155857
Loop0-theta28,0.5658880788825205
Loop0-theta29,0.3329441615692509
Loop0-theta30,0.1135580446397434
Loop0-theta31,0.2636953646449798
Loop0-theta32,0.12285375113279548
Loop0-theta33,0.2544415866059768
Loop0-theta34,0.4433161360991781
Loop0-theta35,0.13397947973547597
Loop0-theta36,0.27837851100289956
Loop0-theta37,0.1325878097282629
Loop0-theta38,0.40420987949684245
Loop0-theta39,0.10053462254828793
Loop0-theta40,0.2980037708083966
Loop0-theta41,0.033069793165959704
Loop0-theta42,0.608916337916243
Loop0-theta43,0.14457178486053113
Loop0-theta44,0.01146729341102426
Loop0-theta45,0.4164981425610301
Loop0-theta46,0.24895799806914876
Loop0-theta47,0.46125527164220714
Loop0-theta48,0.3976077238941018
Loop0-theta49,0.3645964612394246
Loop1-beta_i1,0.026119194690384706
Loop1-beta_i2,0.012837429191860525
Loop1-beta_i3,0.11119153335814425
Loop1-beta_i4,0.13997200806654986
Loop1-beta_r3,0.09208615495874062
Loop1-beta_r4,0.019529050286186123
Loop1-d_k1,0.05419630491174021
Loop1-d_k2,0.09922088870292056
Loop1-d_k3,0.0258064057148093
Loop1-d_k4,0.1276107878998518
Loop1-theta0,0.11007888025034726
Loop1-theta1,0.21216910214990814
Loop1-theta2,0.02800234602354973
Loop1-theta3,0.13257767245936436
Loop1-theta4,0.14346564303140685
Loop1-theta5,0.30483038797560935
Loop1-theta6,0.030286393631582198
Loop1-theta7,0.21533765779938618
Loop1-theta8,0.0032022255803075272
Loop1-theta9,0.3006710334838065
Loop1-theta10,0.342307423573644
Loop1-theta11,0.010238930626968012
Loop1-theta12,0.013835396854951942
Loop1-theta13,0.02566588807824366
Loop1-theta14,0.0899897780690189
Loop1-theta15,0.11695522476624542
Loop1-theta16,0.06694410345529445
Loop1-theta17,0.39681333962542265
Loop1-theta18,0.09779825681821486
Loop1-theta19,0.0790999779860268
Loop1-theta20,0.23193705035020606
Loop1-theta21,0.6250162233976078
Loop1-theta22,0.7131802887325693
Loop1-theta23,0.10193346532790015
Loop1-theta24,0.12619738187944773
Loop1-theta25,0.07194239844780892
Loop1-theta26,0.39088174639760137
Loop1-theta27,0.22163924404688695
Loop1-theta28,0.19359928546729188
Loop1-theta29,0.2560549357910935
Loop1-theta30,0.28842400834086823
Loop1-theta31,0.08873101693446395
Loop1-theta32,0.420529012470205
Loop1-theta33,0.11139281079410178
Loop1-theta34,0.5646219437406645
Loop1-theta35,0.066924424788807
Loop1-theta36,0.1377688492423358
Loop1-theta37,0.09453474862644184
Loop1-theta38,0.0842214313480835
Loop1-theta39,0.23961463177685893
Loop1-theta40,0.02562259354161056
Loop1-theta41,0.11189296127581672
Loop1-theta42,0.08087339920736203
Loop1-theta43,0.04290591536909516
Loop1-theta44,0.03057658282051834
Loop1-theta45,0.4431292883615734
Loop1-theta46,0.2556077238322927
Loop1-theta47,0.26254588099046566
Loop1-theta48,0.33760425112882014
Loop1-theta49,0.08745164866805079
Loop2-beta_i1,0.15171247436533664
Loop2-beta_i2,0.17475305307453048
Loop2-beta_i3,0.08940360608118181
Loop2-beta_i4,0.13263190176861078
Loop2-beta_r3,0.07577579498887915
Loop2-beta_r4,0.041828444413802124
Loop2-d_k1,0.05275377012555815
Loop2-d_k2,4.331247361017976E-4
Loop2-d_k3,0.12833261392529205
Loop2-d_k4,0.0751457190636321
Loop2-theta0,0.09205237889765366
Loop2-theta1,0.31751369855960526
Loop2-theta2,0.14533129703512593
Loop2-theta3,0.037742715437257934
Loop2-theta4,0.044304375838344345
Loop2-theta5,0.2533121554517549
Loop2-theta6,0.13808564059235742
Loop2-theta7,0.33401291705522484
Loop2-theta8,0.5295297479066912
Loop2-theta9,0.35413511509788953
Loop2-theta10,0.02870513269190972
Loop2-theta11,0.009784519983790929
Loop2-theta12,0.11242629707946294
Loop2-theta13,0.2543761015113314
Loop2-theta14,0.1917640929399858
Loop2-theta15,0.26749935659963037
Loop2-theta16,0.09152175233952131
Loop2-theta17,0.1779548018383844
Loop2-theta18,0.20518705989893637
Loop2-theta19,0.20423209536566292
Loop2-theta20,0.0013482215028081113
Loop2-theta21,0.3530675195659093
Loop2-theta22,0.44454381723270087
Loop2-theta23,0.4370326806441285
Loop2-theta24,0.2049068060371706
Loop2-theta25,0.08339493367875322
Loop2-theta26,0.36762267922389014
Loop2-theta27,0.312901707462066
Loop2-theta28,0.03808842266725297
Loop2-theta29,0.10457721363956071
Loop2-theta30,0.009214116075844436
Loop2-theta31,0.092312393538585
Loop2-theta32,0.05874456705506037
Loop2-theta33,0.5129375951024154
Loop2-theta34,0.1715905103519677
Loop2-theta35,0.9547362199137566
Loop2-theta36,0.07393391138269695
Loop2-theta37,0.848215379056222
Loop2-theta38,0.07721829954715526
Loop2-theta39,0.41607998660968365
Loop2-theta40,0.18272127836728214
Loop2-theta41,0.620369125200446
Loop2-theta42,0.06723420063872265
Loop2-theta43,0.30550912249965245
Loop2-theta44,0.0936165883056147
Loop2-theta45,0.11132346992802189
Loop2-theta46,0.3536482720473735
Loop2-theta47,0.15811874895568567
Loop2-theta48,0.1296308276286673
Loop2-theta49,0.3803764457780401
Loop3-beta_i1,0.0686037163542435
Loop3-beta_i2,0.11105877886155352
Loop3-beta_i3,0.11214728650633288
Loop3-beta_i4,0.1862052457293863
Loop3-beta_r3,0.043082999644802666
Loop3-beta_r4,0.07801703221629253
Loop3-d_k1,0.09636385451020063
Loop3-d_k2,0.024322818028418458
Loop3-d_k3,0.03774608010912639
Loop3-d_k4,0.1584327526477457
Loop3-theta0,0.44865759723961796
Loop3-theta1,0.12500673368806003
Loop3-theta2,0.036594814069411896
Loop3-theta3,0.11153563438108466
Loop3-theta4,0.06318931294703489
Loop3-theta5,0.3675904612000134
Loop3-theta6,0.11376919830447979
Loop3-theta7,0.16248097034382258
Loop3-theta8,0.37952720867237477
Loop3-theta9,0.1686926336834833
Loop3-theta10,0.3364262679728971
Loop3-theta11,0.1240875740889813
Loop3-theta12,0.07267013717936326
Loop3-theta13,0.012331807663512162
Loop3-theta14,0.3304046846632048
Loop3-theta15,0.058591467241299794
Loop3-theta16,0.1575963565759947
Loop3-theta17,0.03769918906093883
Loop3-theta18,0.16154857800051592
Loop3-theta19,0.03544382572397575
Loop3-theta20,0.02741342225424981
Loop3-theta21,0.36474535259757745
Loop3-theta22,0.7426283240573714
Loop3-theta23,0.1689673635832123
Loop3-theta24,0.3635845834513419
Loop3-theta25,0.08730364196865326
Loop3-theta26,0.2534859530228319
Loop3-theta27,0.17483478624347792
Loop3-theta28,0.20632536037446528
Loop3-theta29,0.039061339812678786
Loop3-theta30,0.5087765100309636
Loop3-theta31,0.3771277872400701
Loop3-theta32,0.2500933932136687
Loop3-theta33,0.15716867117201605
Loop3-theta34,0.25732316567345537
Loop3-theta35,0.5410782737675589
Loop3-theta36,0.05629566545216935
Loop3-theta37,0.10262105625350676
Loop3-theta38,0.1615199395165986
Loop3-theta39,0.32981301330826096
Loop3-theta40,0.057922303993211466
Loop3-theta41,0.4733923951686916
Loop3-theta42,0.3980142418931327
Loop3-theta43,0.04415692306904839
Loop3-theta44,0.17907067243945218
Loop3-theta45,0.226887374482489
Loop3-theta46,0.3255580815814174
Loop3-theta47,0.07587634848941058
Loop3-theta48,0.1011520987332058
Loop3-theta49,0.10257334987119915
Loop4-beta_i1,0.21802840752061053
Loop4-beta_i2,0.04310323234475444
Loop4-beta_i3,0.12506599745224967
Loop4-beta_i4,0.12120056486297553
Loop4-beta_r3,0.09028405545148421
Loop4-beta_r4,0.09733409977616492
Loop4-d_k1,0.04317141042028161
Loop4-d_k2,0.02218090494332292
Loop4-d_k3,0.0760267561205793
Loop4-d_k4,0.09701726159753843
Loop4-theta0,0.1572782878407083
Loop4-theta1,0.34145599946974947
Loop4-theta2,0.5467109168438068
Loop4-theta3,0.07188825739480065
Loop4-theta4,0.18010446043425854
Loop4-theta5,0.20882291363907352
Loop4-theta6,0.34321585683339445
Loop4-theta7,0.03931118733785599
Loop4-theta8,0.010724955753073306
Loop4-theta9,0.08917782243393824
Loop4-theta10,0.04032310503506109
Loop4-theta11,0.319719417761105
Loop4-theta12,0.3777489366751413
Loop4-theta13,0.0840712930339601
Loop4-theta14,0.06601587416207899
Loop4-theta15,0.1674809841153998
Loop4-theta16,0.04201465254646819
Loop4-theta17,0.14980972688264926
Loop4-theta18,0.20302973912536681
Loop4-theta19,0.35157263533872485
Loop4-theta20,0.028527078324630084
Loop4-theta21,0.48052475812889883
Loop4-theta22,0.05488700695626314
Loop4-theta23,0.1717629669965537
Loop4-theta24,0.1402715690576909
Loop4-theta25,0.04442176365099626
Loop4-theta26,0.024241745549643645
Loop4-theta27,0.29452149600188293
Loop4-theta28,0.39832805331250465
Loop4-theta29,0.2373253907057159
Loop4-theta30,0.10405636981550409
Loop4-theta31,0.12676375555733327
Loop4-theta32,0.5031025986729071
Loop4-theta33,0.22010276566592957
Loop4-theta34,0.03367317996187119
Loop4-theta35,0.12963034833916365
Loop4-theta36,0.38134458157748474
Loop4-theta37,0.09946698768024298
Loop4-theta38,0.2846077158804894
Loop4-theta39,0.473298309609004
Loop4-theta40,0.05500969436703862
Loop4-theta41,0.20509110793114266
Loop4-theta42,0.31823670939895443
Loop4-theta43,0.04739635622337335
Loop4-theta44,0.13112752404910122
Loop4-theta45,0.0017353755867738907
Loop4-theta46,0.20271593318343953
Loop4-theta47,0.0933808685879407
Loop4-theta48,0.0033043977230121646
Loop4-theta49,0.007831798901096199
Loop5-beta_i1,0.12767389184258793
Loop5-beta_i2,0.002215791933546596
Loop5-beta_i3,0.04049207435022595
Loop5-beta_i4,5.275146204278824E-4
Loop5-beta_r3,0.06869542098690773
Loop5-beta_r4,0.07544248743391377
Loop5-d_k1,0.17154939310194495
Loop5-d_k2,0.053419262514147414
Loop5-d_k3,0.15631385375005413
Loop5-d_k4,0.06865480186603845
Loop5-theta0,0.04107808507400956
Loop5-theta1,0.05562949100918829
Loop5-theta2,0.038574921433953024
Loop5-theta3,0.17836866775919602
Loop5-theta4,0.01240291928183046
Loop5-theta5,0.07223346993748425
Loop5-theta6,0.19553737542030303
Loop5-theta7,0.08661978183886321
Loop5-theta8,0.011319327030123727
Loop5-theta9,0.5010716985579932
Loop5-theta10,0.19384427851485458
Loop5-theta11,0.31274237203889604
Loop5-theta12,0.5808678407690533
Loop5-theta13,0.503785709579635
Loop5-theta14,0.47450607706756553
Loop5-theta15,0.1491790283176973
Loop5-theta16,0.07240540078696117
Loop5-theta17,0.2361507368570418
Loop5-theta18,0.604647926818829
Loop5-theta19,0.008068272441747126
Loop5-theta20,0.06781197182590648
Loop5-theta21,0.2270332314270458
Loop5-theta22,0.4553453069663635
Loop5-theta23,0.5999529206854779
Loop5-theta24,0.3231957439112447
Loop5-theta25,0.20653038462781836
Loop5-theta26,0.11776852794716386
Loop5-theta27,0.05203900975751585
Loop5-theta28,0.18742238327042238
Loop5-theta29,0.3784551302172125
Loop5-theta30,0.1436560076015047
Loop5-theta31,0.12971274327954652
Loop5-theta32,0.09497125013721802
Loop5-theta33,0.01937761862727916
Loop5-theta34,0.13647064998417502
Loop5-theta35,0.5581367895735285
Loop5-theta36,0.3274959380803114
Loop5-theta37,0.08625709401757709
Loop5-theta38,0.17355912454526623
Loop5-theta39,0.11821451301787778
Loop5-theta40,0.2432574156840892
Loop5-theta41,0.3064495406348535
Loop5-theta42,0.03154568448312833
Loop5-theta43,0.11810797945567364
Loop5-theta44,0.05099452173369462
Loop5-theta45,0.4754860780112551
Loop5-theta46,0.1869403090767663
Loop5-theta47,0.04175099042245978
Loop5-theta48,0.12458318807374891
Loop5-theta49,0.023734539608752048
Loop6-beta_i1,0.04186049282990034
Loop6-beta_i2,0.21201891839718612
Loop6-beta_i3,0.18465385505978965
Loop6-beta_i4,0.24393289302797228
Loop6-beta_r3,0.05353257553639584
Loop6-beta_r4,0.016939240662009337
Loop6-d_k1,0.039006708376929655
Loop6-d_k2,0.002243062988981692
Loop6-d_k3,0.0019460909552642125
Loop6-d_k4,0.034817554432684084
Loop6-theta0,0.4876200470649982
Loop6-theta1,0.10163954619578308
Loop6-theta2,0.4692529239449802
Loop6-theta3,0.06686092257675269
Loop6-theta4,0.1389945211024286
Loop6-theta5,0.7710507841949994
Loop6-theta6,0.5723064586836459
Loop6-theta7,0.05752716457308779
Loop6-theta8,0.15810781030328175
Loop6-theta9,0.20840387012348233
Loop6-theta10,0.15415850166096523
Loop6-theta11,0.369458655235719
Loop6-theta12,0.12820047631949416
Loop6-theta13,0.18177273885102319
Loop6-theta14,0.007227134665245133
Loop6-theta15,0.4092872270286382
Loop6-theta16,0.01857950965205224
Loop6-theta17,0.010487589840842526
Loop6-theta18,0.180356023033167
Loop6-theta19,0.05949471301690329
Loop6-theta20,0.25768767404421833
Loop6-theta21,0.17666113320189358
Loop6-theta22,0.06921595455101581
Loop6-theta23,0.36994118365642714
Loop6-theta24,0.25871386499971216
Loop6-theta25,0.6004215794593988
Loop6-theta26,0.31627331560516114
Loop6-theta27,0.3966463349970281
Loop6-theta28,0.11331230873633469
Loop6-theta29,0.08869938983438169
Loop6-theta30,0.36966019491403757
Loop6-theta31,0.2214778468151466
Loop6-theta32,0.27733802502231053
Loop6-theta33,0.2472359636125272
Loop6-theta34,0.34059132348693677
Loop6-theta35,0.29685850715636647
Loop6-theta36,0.042364473406374586
Loop6-theta37,0.27491781467995646
Loop6-theta38,0.2575706160581792
Loop6-theta39,0.06416725569252102
Loop6-theta40,0.4713230168471416
Loop6-theta41,0.1038316943641921
Loop6-theta42,0.08260661116769508
Loop6-theta43,0.4364802215262624
Loop6-theta44,0.16547122379367896
Loop6-theta45,0.33025180410690047
Loop6-theta46,0.6961054865644664
Loop6-theta47,0.5158437734025385
Loop6-theta48,0.0840126020806371
Loop6-theta49,0.2322423073998252
Loop7-beta_i1,0.02942730212662248
Loop7-beta_i2,0.036223202308971025
Loop7-beta_i3,0.13133239782788256
Loop7-beta_i4,0.03075583060487136
Loop7-beta_r3,0.04866524295724206
Loop7-beta_r4,0.06362128059821259
Loop7-d_k1,0.07265291967926624
Loop7-d_k2,0.12161273285962196
Loop7-d_k3,0.23251071824618708
Loop7-d_k4,0.1835509050658315
Loop7-theta0,0.3490617118247332
Loop7-theta1,0.07780012491341437
Loop7-theta2,0.14239904840931916
Loop7-theta3,0.6411622743470142
Loop7-theta4,0.10766460024026547
Loop7-theta5,0.010302566371867994
Loop7-theta6,0.10406538447457536
Loop7-theta7,0.46357010381741515
Loop7-theta8,0.2784456667992037
Loop7-theta9,0.16480121004926773
Loop7-theta10,0.6455129909543261
Loop7-theta11,0.13982421764287062
Loop7-theta12,0.3902707331328994
Loop7-theta13,0.44347961149850335
Loop7-theta14,0.023207335678120333
Loop7-theta15,0.07464562826036591
Loop7-theta16,0.06332532950168801
Loop7-theta17,0.0047205502409364275
Loop7-theta18,0.08570843932437566
Loop7-theta19,0.06961921306133118
Loop7-theta20,0.1914568636828362
Loop7-theta21,0.055668825921045384
Loop7-theta22,0.04611879280955357
Loop7-theta23,0.016533233223773702
Loop7-theta24,0.024063893704715456
Loop7-theta25,0.014159120311608597
Loop7-theta26,0.05016944678607316
Loop7-theta27,0.0063870261220271285
Loop7-theta28,0.15798766921151125
Loop7-theta29,0.029619668242634067
Loop7-theta30,0.39563169838776613
Loop7-theta31,0.03991316729983296
Loop7-theta32,0.1358200505596014
Loop7-theta33,0.18092384395914451
Loop7-theta34,0.17476900493902447
Loop7-theta35,0.06437494868494764
Loop7-theta36,0.18664361734750462
Loop7-theta37,0.10907339451857945
Loop7-theta38,0.17488168637972107
Loop7-theta39,0.1943906041871578
Loop7-theta40,0.16673814331212256
Loop7-theta41,0.1941559171145345
Loop7-theta42,0.10580807094662509
Loop7-theta43,0.18898546993334397
Loop7-theta44,0.22392276379736287
Loop7-theta45,0.22073944021746328
Loop7-theta46,0.12743124485430046
Loop7-theta47,0.046191190126635195
Loop7-theta48,0.08424440563927227
Loop7-theta49,0.09339499073284563
Loop8-beta_i1,0.05073844571703123
Loop8-beta_i2,0.09307252794885024
Loop8-beta_i3,0.13877071538115615
Loop8-beta_i4,0.022227299715451232
Loop8-beta_r3,0.09653038316223705
Loop8-beta_r4,0.07073780448049893
Loop8-d_k1,0.05063782792934812
Loop8-d_k2,0.19451194054537135
Loop8-d_k3,0.06161273393173888
Loop8-d_k4,0.08226137868428446
Loop8-theta0,0.018065428722598698
Loop8-theta1,0.03314381322646015
Loop8-theta2,0.1213285498701816
Loop8-theta3,0.22601978379130738
Loop8-theta4,0.38534186109662816
Loop8-theta5,0.19094730753658928
Loop8-theta6,0.04346911313645763
Loop8-theta7,0.4472440817445469
Loop8-theta8,0.09513500289145788
Loop8-theta9,0.029172685184876146
Loop8-theta10,0.08210662663816426
Loop8-theta11,0.08139904076422387
Loop8-theta12,0.012751307585769922
Loop8-theta13,0.10183472055511622
Loop8-theta14,0.06216729428659429
Loop8-theta15,0.005823695697215081
Loop8-theta16,0.3175062036168297
Loop8-theta17,0.23966149788045518
Loop8-theta18,0.18086422053813678
Loop8-theta19,0.0894273840351072
Loop8-theta20,0.1823897875760756
Loop8-theta21,0.15145602068880804
Loop8-theta22,0.19476547538553463
Loop8-theta23,0.2051369216673577
Loop8-theta24,0.09810711579413245
Loop8-theta25,0.2926462089632075
Loop8-theta26,0.06490402444023036
Loop8-theta27,0.5303452855164346
Loop8-theta28,0.04556884874917244
Loop8-theta29,0.02501614515704431
Loop8-theta30,0.19930257810964735
Loop8-theta31,0.16974523420959226
Loop8-theta32,0.08022965188899367
Loop8-theta33,0.4008278456379042
Loop8-theta34,0.22407059890164627
Loop8-theta35,0.06438480253221868
Loop8-theta36,0.12012675227145725
Loop8-theta37,0.08422382612772639
Loop8-theta38,0.06714982837429284
Loop8-theta39,0.12662358340523783
Loop8-theta40,0.2285820430011547
Loop8-theta41,0.4805582680896736
Loop8-theta42,0.2643180362682118
Loop8-theta43,0.20274907585813784
Loop8-theta44,0.2640210598451599
Loop8-theta45,0.43321713671773976
Loop8-theta46,0.1190217525509048
Loop8-theta47,0.05153625447819715
Loop8-theta48,0.10977920039765132
Loop8-theta49,0.009867629875637662
Loop9-beta_i1,0.28870896679117963
Loop9-beta_i2,0.34016816411476825
Loop9-beta_i3,0.26834126749076964
Loop9-beta_i4,0.24358989200890524
Loop9-beta_r3,0.06483183164402999
Loop9-beta_r4,0.017498327682032855
Loop9-d_k1,0.1962101090591779
Loop9-d_k2,0.12431359388394567
Loop9-d_k3,0.10717152323847579
Loop9-d_k4,0.42769522618159994
Loop9-theta0,0.8459384123303483
Loop9-theta1,0.46692755563617205
Loop9-theta2,0.4560458136923098
Loop9-theta3,0.3141189739875781
Loop9-theta4,0.44159159736249065
Loop9-theta5,0.7616221855870094
Loop9-theta6,0.6218551584497503
Loop9-theta7,0.30108825498333164
Loop9-theta8,0.29695643394230486
Loop9-theta9,0.2935442059450824
Loop9-theta10,0.005514555702281876
Loop9-theta11,0.39619177824973034
Loop9-theta12,0.07334083964655624
Loop9-theta13,0.16550569675601867
Loop9-theta14,0.04839745286625119
Loop9-theta15,0.150133524521752
Loop9-theta16,0.20912728277160247
Loop9-theta17,0.271645329517588
Loop9-theta18,0.10812550390428688
Loop9-theta19,0.39737666092516033
Loop9-theta20,0.0918023651053489
Loop9-theta21,0.6144631931551606
Loop9-theta22,0.6646006032613926
Loop9-theta23,0.21057698051297535
Loop9-theta24,0.16297193175786373
Loop9-theta25,0.1914363689585069
Loop9-theta26,0.6884153532215015
Loop9-theta27,0.22324501267530195
Loop9-theta28,0.6014448501665457
Loop9-theta29,0.5404317113164812
Loop9-theta30,0.5131524260881368
Loop9-theta31,0.2599517811273939
Loop9-theta32,0.12798069089720784
Loop9-theta33,0.8139550116868133
Loop9-theta34,1.0149377776676647
Loop9-theta35,0.8515654480739725
Loop9-theta36,0.21380111179100525
Loop9-theta37,0.36563006223011374
Loop9-theta38,0.32375034207651976
Loop9-theta39,0.1816749109334151
Loop9-theta40,0.4716168453443475
Loop9-theta41,0.0810370928885521
Loop9-theta42,0.6588987011339081
Loop9-theta43,0.07873713184591002
Loop9-theta44,0.040394077950935636
Loop9-theta45,1.0671036620410779
Loop9-theta46,0.5765214646513751
Loop9-theta47,0.12676266786729368
Loop9-theta48,0.3595783113931582
Loop9-theta49,0.44488975456100355
Loop10-beta_i1,0.0972322946014923
Loop10-beta_i2,0.16303932041611402
Loop10-beta_i3,0.05627405315460399
Loop10-beta_i4,0.11964114296329709
Loop10-beta_r3,0.21892047705715112
Loop10-beta_r4,0.1602515540483893
Loop10-d_k1,0.118536069678845
Loop10-d_k2,0.1244677092220659
Loop10-d_k3,0.055203602713866935
Loop10-d_k4,0.04927196317064597
Loop10-theta0,0.2413238428685196
Loop10-theta1,0.6009716531541467
Loop10-theta2,0.23222281342868556
Loop10-theta3,0.5132868443507852
Loop10-theta4,0.13975844303455642
Loop10-theta5,0.21475572843953383
Loop10-theta6,0.09043166320729323
Loop10-theta7,0.08773657516133304
Loop10-theta8,0.3738450824455968
Loop10-theta9,0.48727996049120204
Loop10-theta10,0.3367827305028819
Loop10-theta11,0.15591057039781364
Loop10-theta12,0.2947764737332134
Loop10-theta13,0.29067122389591915
Loop10-theta14,0.15527216476681882
Loop10-theta15,0.4382778359070558
Loop10-theta16,0.4556027705372606
Loop10-theta17,0.6152699909234299
Loop10-theta18,0.03541050598876894
Loop10-theta19,0.25640839905026047
Loop10-theta20,0.17801090417220133
Loop10-theta21,0.09961991625273847
Loop10-theta22,0.1108769831391086
Loop10-theta23,0.042695318418239925
Loop10-theta24,0.1500370678475877
Loop10-theta25,0.32700735331098674
Loop10-theta26,0.5438990873385643
Loop10-theta27,0.19801654444528594
Loop10-theta28,0.029141602944852907
Loop10-theta29,0.9197872511066927
Loop10-theta30,0.46367256563817216
Loop10-theta31,0.22716905411533206
Loop10-theta32,0.2755236884088642
Loop10-theta33,0.14984849592385963
Loop10-theta34,0.05312010369858955
Loop10-theta35,0.1266904968623659
Loop10-theta36,0.005517520355704353
Loop10-theta37,0.40927803045400657
Loop10-theta38,0.06495510791729094
Loop10-theta39,0.06743532707618982
Loop10-theta40,0.15260315381361178
Loop10-theta41,0.09859715975635597
Loop10-theta42,0.1561401647923233
Loop10-theta43,0.06514618853033549
Loop10-theta44,0.4486432929475095
Loop10-theta45,0.24056676463893378
Loop10-theta46,0.29251735164844783
Loop10-theta47,0.19591881623787677
Loop10-theta48,0.5363635998410352
Loop10-theta49,0.32041600097247513
Loop11-beta_i1,0.006142990998790565
Loop11-beta_i2,0.08099021444593896
Loop11-beta_i3,0.0818180840983358
Loop11-beta_i4,0.11454900164203663
Loop11-beta_r3,0.10518362316997087
Loop11-beta_r4,0.06703159077870335
Loop11-d_k1,0.09359561459881871
Loop11-d_k2,0.06873697446369748
Loop11-d_k3,0.10745912552359038
Loop11-d_k4,0.0826004853884692
Loop11-theta0,0.4647565771092804
Loop11-theta1,0.031519485455157675
Loop11-theta2,0.1175239881205906
Loop11-theta3,0.15097164151404296
Loop11-theta4,0.1253155858639624
Loop11-theta5,0.22004084549814484
Loop11-theta6,0.11518809902239635
Loop11-theta7,0.13353274273294727
Loop11-theta8,0.052243056665119525
Loop11-theta9,0.21639052859520214
Loop11-theta10,0.0642359632921039
Loop11-theta11,0.032510772130799226
Loop11-theta12,0.07667485600717738
Loop11-theta13,0.05526581175887876
Loop11-theta14,0.019147042695629446
Loop11-theta15,0.5018478207822553
Loop11-theta16,0.15908814096709212
Loop11-theta17,0.4719286996438453
Loop11-theta18,0.32259663241426695
Loop11-theta19,0.17613440780733747
Loop11-theta20,0.34554294060463087
Loop11-theta21,0.17692420233527084
Loop11-theta22,0.15885826460917224
Loop11-theta23,0.2332046278936099
Loop11-theta24,0.041067073986821856
Loop11-theta25,0.061024389733667916
Loop11-theta26,0.17998198898987028
Loop11-theta27,0.10027077820651076
Loop11-theta28,0.025538655693339685
Loop11-theta29,0.32546962368317534
Loop11-theta30,0.28968490189960244
Loop11-theta31,0.21674212939220938
Loop11-theta32,0.08779177737229538
Loop11-theta33,0.1182578157640834
Loop11-theta34,0.15118607771901024
Loop11-theta35,0.15131126331243716
Loop11-theta36,0.30616431990785903
Loop11-theta37,0.144086306195632
Loop11-theta38,0.20438224835353247
Loop11-theta39,0.3545318293884649
Loop11-theta40,0.37791068881647794
Loop11-theta41,0.06030877039439242
Loop11-theta42,0.08970742844676904
Loop11-theta43,0.012702762514203547
Loop11-theta44,0.07672856679413176
Loop11-theta45,0.2625892916682786
Loop11-theta46,0.17605642480122113
Loop11-theta47,0.08961327800144625
Loop11-theta48,0.1833544526624453
Loop11-theta49,0.03257279413230152
Loop12-beta_i1,0.03785164161058063
Loop12-beta_i2,0.08066206419416422
Loop12-beta_i3,0.1629199620715771
Loop12-beta_i4,0.019026369104496066
Loop12-beta_r3,0.025345866787310434
Loop12-beta_r4,0.022709211945885377
Loop12-d_k1,0.14576990063671064
Loop12-d_k2,0.03369543588856139
Loop12-d_k3,0.25097615080491437
Loop12-d_k4,0.13890168605676545
Loop12-theta0,0.16014986931558495
Loop12-theta1,0.4338968562141925
Loop12-theta2,0.11685504600319563
Loop12-theta3,0.35143601283769654
Loop12-theta4,0.5169838474983783
Loop12-theta5,0.3495467375529681
Loop12-theta6,0.2917457066567928
Loop12-theta7,0.040509574568065476
Loop12-theta8,0.18293510367620835
Loop12-theta9,0.09957400108958847
Loop12-theta10,0.00859563142133693
Loop12-theta11,0.2229284432495795
Loop12-theta12,0.14231735696352266
Loop12-theta13,0.1464975113765013
Loop12-theta14,0.03937008335636438
Loop12-theta15,0.22805828725403532
Loop12-theta16,0.24106038006605957
Loop12-theta17,0.1209783010087977
Loop12-theta18,0.00846893038082348
Loop12-theta19,0.11003403914211662
Loop12-theta20,0.38354184604245656
Loop12-theta21,0.071316527066804
Loop12-theta22,0.5973321247590271
Loop12-theta23,0.15958343929148144
Loop12-theta24,0.19860314558323364
Loop12-theta25,0.1213547261938761
Loop12-theta26,0.4477929034795627
Loop12-theta27,0.009570866382574428
Loop12-theta28,0.3317143529728541
Loop12-theta29,0.1454332613284102
Loop12-theta30,0.32594733388484975
Loop12-theta31,0.30447185607120875
Loop12-theta32,0.3413770538144603
Loop12-theta33,0.04286579521265255
Loop12-theta34,0.3386942113530193
Loop12-theta35,0.2327595385807777
Loop12-theta36,0.25918658165784514
Loop12-theta37,0.566657653330787
Loop12-theta38,0.04059886135505075
Loop12-theta39,0.17959546467101528
Loop12-theta40,0.17813936820992055
Loop12-theta41,0.3070349584157125
Loop12-theta42,0.010633445249395246
Loop12-theta43,0.30059962500569215
Loop12-theta44,0.21682070812822207
Loop12-theta45,0.3871401954597527
Loop12-theta46,0.0020481461309238558
Loop12-theta47,0.08974166179803122
Loop12-theta48,0.49335806018799633
Loop12-theta49,0.1839766712457442
Loop13-beta_i1,0.11928323189073137
Loop13-beta_i2,0.10145736919667397
Loop13-beta_i3,0.026405172630968643
Loop13-beta_i4,0.014385109712155675
Loop13-beta_r3,0.05478778885183214
Loop13-beta_r4,0.0163389992407538
Loop13-d_k1,0.029814707495594117
Loop13-d_k2,0.031530266484105146
Loop13-d_k3,0.12062877802906236
Loop13-d_k4,0.05928380404936323
Loop13-theta0,0.3687626156259708
Loop13-theta1,0.20466824608575784
Loop13-theta2,0.09206244705984254
Loop13-theta3,0.027904014611727535
Loop13-theta4,0.5184856655314553
Loop13-theta5,0.46309336639872667
Loop13-theta6,0.04259449992404374
Loop13-theta7,0.3929565532643997
Loop13-theta8,0.17535782856964666
Loop13-theta9,0.01923832514810593
Loop13-theta10,0.007181159033329498
Loop13-theta11,0.36492168958592064
Loop13-theta12,0.11713636776448866
Loop13-theta13,0.2302049692890367
Loop13-theta14,0.3727115577481733
Loop13-theta15,0.19062084570585136
Loop13-theta16,0.06850985766696427
Loop13-theta17,0.14168628058164284
Loop13-theta18,0.16991278378524846
Loop13-theta19,0.5951810434707581
Loop13-theta20,0.143577472350212
Loop13-theta21,0.14730365394153183
Loop13-theta22,0.05365935277265865
Loop13-theta23,0.16389361515763445
Loop13-theta24,0.6220732098845658
Loop13-theta25,0.2165836770019653
Loop13-theta26,0.08870709144185585
Loop13-theta27,0.3501066317117656
Loop13-theta28,0.10123639635290452
Loop13-theta29,0.24247690136504402
Loop13-theta30,0.40765358267775054
Loop13-theta31,0.31133719322825737
Loop13-theta32,0.25193766033113607
Loop13-theta33,0.14547879337317893
Loop13-theta34,0.08601146486908706
Loop13-theta35,0.32429033358978054
Loop13-theta36,0.1003400237960308
Loop13-theta37,0.39820765307985395
Loop13-theta38,0.031618220810882836
Loop13-theta39,0.1669504461623248
Loop13-theta40,0.2538362999751189
Loop13-theta41,0.3372962859730019
Loop13-theta42,0.25788538926884286
Loop13-theta43,0.06646397953636951
Loop13-theta44,0.013574598954131045
Loop13-theta45,0.1043122073558016
Loop13-theta46,0.5390912777562421
Loop13-theta47,0.07173223458009403
Loop13-theta48,0.010243111436189056
Loop13-theta49,0.16623235699889372
Loop14-beta_i1,0.16226326126982693
Loop14-beta_i2,0.547299377997218
Loop14-beta_i3,0.3120070083853601
Loop14-beta_i4,0.41175155155518284
Loop14-beta_r3,0.03190269622783204
Loop14-beta_r4,0.23755074838048928
Loop14-d_k1,0.19744049815243292
Loop14-d_k2,0.13285966824089657
Loop14-d_k3,0.2752274116035507
Loop14-d_k4,0.05507275478977913
Loop14-theta0,0.3472017995720015
Loop14-theta1,0.8719593244275403
Loop14-theta2,0.5968873213668889
Loop14-theta3,0.4770223684278403
Loop14-theta4,0.42115469581435483
Loop14-theta5,0.13392297128773056
Loop14-theta6,0.48782095327341746
Loop14-theta7,0.3393867176768779
Loop14-theta8,0.4989755984765232
Loop14-theta9,0.16289222202613257
Loop14-theta10,0.27229938167646994
Loop14-theta11,0.1174534078116043
Loop14-theta12,0.21437254035287268
Loop14-theta13,0.7652690686638749
Loop14-theta14,0.7757818951634536
Loop14-theta15,0.38582771768108803
Loop14-theta16,0.4619306246018008
Loop14-theta17,0.37016296874578813
Loop14-theta18,0.8157336186207389
Loop14-theta19,0.24236441814142684
Loop14-theta20,0.8691539881302031
Loop14-theta21,0.7412674780238317
Loop14-theta22,0.686290283831029
Loop14-theta23,0.6064030425346977
Loop14-theta24,0.5039562700230669
Loop14-theta25,0.5692693729390631
Loop14-theta26,0.006942507972710621
Loop14-theta27,0.7797906341593137
Loop14-theta28,0.32840060618602585
Loop14-theta29,1.0180920570830452
Loop14-theta30,0.5381972021340398
Loop14-theta31,0.4661774520348485
Loop14-theta32,0.804082295099473
Loop14-theta33,0.6611354119733338
Loop14-theta34,0.5546260265213085
Loop14-theta35,0.3312725085485051
Loop14-theta36,0.3537157347670565
Loop14-theta37,0.6422743153341901
Loop14-theta38,0.6524307554476309
Loop14-theta39,0.13754136808501405
Loop14-theta40,0.4201855872372494
Loop14-theta41,0.07614910058619753
Loop14-theta42,0.6989454176439243
Loop14-theta43,0.5066791154290553
Loop14-theta44,0.47564318775491987
Loop14-theta45,0.13059034508429254
Loop14-theta46,0.38860379983171106
Loop14-theta47,0.05060370945722814
Loop14-theta48,0.7603018495197607
Loop14-theta49,0.2870378972157097
Loop15-beta_i1,0.14567471612511174
Loop15-beta_i2,0.21631305649363064
Loop15-beta_i3,0.22025183857763198
Loop15-beta_i4,0.08800361383709432
Loop15-beta_r3,0.09886660986533813
Loop15-beta_r4,0.05819092477187848
Loop15-d_k1,0.07152113585370112
Loop15-d_k2,0.03637348700158799
Loop15-d_k3,0.018812148603481404
Loop15-d_k4,0.08908247425180904
Loop15-theta0,0.26698014377428514
Loop15-theta1,0.06828636146100986
Loop15-theta2,0.22827185670591366
Loop15-theta3,0.026514576903493917
Loop15-theta4,0.4622916060761493
Loop15-theta5,0.09922444027955982
Loop15-theta6,0.17198823949191344
Loop15-theta7,0.2255497788981079
Loop15-theta8,0.005231389058327984
Loop15-theta9,0.1000373605076873
Loop15-theta10,0.18918762945198625
Loop15-theta11,0.27647683331593176
Loop15-theta12,0.4965457975157337
Loop15-theta13,0.08570978866273915
Loop15-theta14,0.17342504937096348
Loop15-theta15,0.3679628639118629
Loop15-theta16,0.29450568032213664
Loop15-theta17,0.4972334027267177
Loop15-theta18,0.2259260946332302
Loop15-theta19,0.267078576029488
Loop15-theta20,0.08404644084117563
Loop15-theta21,0.08742521137384344
Loop15-theta22,0.39514703659862693
Loop15-theta23,0.1376929705459996
Loop15-theta24,0.0052207133319052135
Loop15-theta25,0.06246100032522328
Loop15-theta26,0.07133368109081734
Loop15-theta27,0.18079938393904776
Loop15-theta28,0.3619916695835932
Loop15-theta29,0.23979386402555017
Loop15-theta30,0.5006635319175301
Loop15-theta31,0.09177970703282118
Loop15-theta32,0.24066869000111857
Loop15-theta33,0.0177948093272719
Loop15-theta34,0.39452951805999226
Loop15-theta35,0.06637969450493875
Loop15-theta36,0.264292398479666
Loop15-theta37,0.08470080768041865
Loop15-theta38,0.2598599126983102
Loop15-theta39,0.04233430424624543
Loop15-theta40,0.44839460291288685
Loop15-theta41,0.04666300649457675
Loop15-theta42,0.39463079321729433
Loop15-theta43,0.24846220996011337
Loop15-theta44,0.5464387865146496
Loop15-theta45,0.004436362324077792
Loop15-theta46,0.03306146320248482
Loop15-theta47,0.5647229427327959
Loop15-theta48,0.3106618988616886
Loop15-theta49,0.6442734206198399
Loop16-beta_i1,0.13906630841244239
Loop16-beta_i2,0.015490367451581888
Loop16-beta_i3,0.12469070043736785
Loop16-beta_i4,0.1644535367788224
Loop16-beta_r3,0.18561966620708148
Loop16-beta_r4,0.06718242464207447
Loop16-d_k1,0.10705555467239836
Loop16-d_k2,0.0637793417585713
Loop16-d_k3,0.026832582482709047
Loop16-d_k4,0.01644363043111796
Loop16-theta0,0.2747817608987906
Loop16-theta1,0.31246883616022947
Loop16-theta2,0.1072435080496692
Loop16-theta3,0.20186101969482498
Loop16-theta4,0.0309127811316785
Loop16-theta5,0.011164001616425834
Loop16-theta6,0.03955903307071018
Loop16-theta7,0.30700394915232965
Loop16-theta8,0.3181101963316054
Loop16-theta9,0.08729064634861605
Loop16-theta10,0.04078689510166056
Loop16-theta11,0.30898382318818074
Loop16-theta12,0.21500082433053613
Loop16-theta13,0.29611160833076533
Loop16-theta14,0.3208360759832021
Loop16-theta15,0.18431992671369746
Loop16-theta16,0.11326005956730945
Loop16-theta17,0.28773976773516763
Loop16-theta18,0.17661762047019575
Loop16-theta19,0.18216271872431222
Loop16-theta20,0.05780513683520949
Loop16-theta21,0.18288714997090194
Loop16-theta22,0.07406025880514999
Loop16-theta23,0.08793614832856633
Loop16-theta24,0.07256007437841921
Loop16-theta25,0.017629927218313808
Loop16-theta26,0.6324937977178458
Loop16-theta27,0.0077269675851128206
Loop16-theta28,0.13577134009108094
Loop16-theta29,0.11743306845985482
Loop16-theta30,0.2770444142695849
Loop16-theta31,0.40584875877942356
Loop16-theta32,0.29084416910375255
Loop16-theta33,0.3223356114952047
Loop16-theta34,0.2683797408707348
Loop16-theta35,0.06793247525215096
Loop16-theta36,0.23631773853233784
Loop16-theta37,0.11169891433731127
Loop16-theta38,0.015065094580283822
Loop16-theta39,0.19054667716664686
Loop16-theta40,0.24333914800784376
Loop16-theta41,0.14427223192629465
Loop16-theta42,0.003997641804897478
Loop16-theta43,0.2069357673197989
Loop16-theta44,0.6834761817427495
Loop16-theta45,0.31888661310325367
Loop16-theta46,0.0545482917621406
Loop16-theta47,0.3404931372599098
Loop16-theta48,0.17290919065104426
Loop16-theta49,0.04805927105296548
Loop17-beta_i1,0.1322620885730305
Loop17-beta_i2,0.1368629799776453
Loop17-beta_i3,0.050652795568796885
Loop17-beta_i4,0.004866831432104424
Loop17-beta_r3,0.07576422767287253
Loop17-beta_r4,0.06656117588687849
Loop17-d_k1,0.0402147522783628
Loop17-d_k2,0.11459878326530681
Loop17-d_k3,0.03358969257216496
Loop17-d_k4,0.04079433841477886
Loop17-theta0,0.10997036984320618
Loop17-theta1,0.5546636076748073
Loop17-theta2,0.1977626012581286
Loop17-theta3,0.17157522589502294
Loop17-theta4,0.5697123739119361
Loop17-theta5,0.21201564833205322
Loop17-theta6,0.46364381794792
Loop17-theta7,0.20515389027241843
Loop17-theta8,0.38772735285446885
Loop17-theta9,0.11216316606380652
Loop17-theta10,0.14014758089190735
Loop17-theta11,0.5214008058195007
Loop17-theta12,0.08937882588298507
Loop17-theta13,0.0685176977823497
Loop17-theta14,0.1751676211104004
Loop17-theta15,0.05693329602930264
Loop17-theta16,0.03779848554848941
Loop17-theta17,0.06078597458296775
Loop17-theta18,0.1032483669132962
Loop17-theta19,0.07327153199156561
Loop17-theta20,0.32083624208931516
Loop17-theta21,0.058325076412482635
Loop17-theta22,0.19558472617730888
Loop17-theta23,0.0450360917797811
Loop17-theta24,0.16991907868827605
Loop17-theta25,0.17058366269939673
Loop17-theta26,0.34290726464167165
Loop17-theta27,0.2061621050024509
Loop17-theta28,0.06612501693343797
Loop17-theta29,0.021385225242400607
Loop17-theta30,0.24081915525235748
Loop17-theta31,0.15073364291186375
Loop17-theta32,0.7941860372889344
Loop17-theta33,0.1377385716782314
Loop17-theta34,0.19792664016400718
Loop17-theta35,0.2697529422607899
Loop17-theta36,0.06907323516093328
Loop17-theta37,0.2978964043243104
Loop17-theta38,0.28788602162069055
Loop17-theta39,0.3324674734580053
Loop17-theta40,0.019478468651356495
Loop17-theta41,0.04172612698762024
Loop17-theta42,0.34224028695314224
Loop17-theta43,0.19230789174948693
Loop17-theta44,0.16486095977050264
Loop17-theta45,0.4519904967816648
Loop17-theta46,0.05042228802409013
Loop17-theta47,0.47082547930247776
Loop17-theta48,0.05647321592121324
Loop17-theta49,0.0885012573703406
Loop18-beta_i1,0.1688290010470646
Loop18-beta_i2,0.15481092750042924
Loop18-beta_i3,0.15922088955356373
Loop18-beta_i4,0.20412338599747681
Loop18-beta_r3,0.07785612862809033
Loop18-beta_r4,0.07006726892589293
Loop18-d_k1,0.2425081392272328
Loop18-d_k2,0.1633624199014802
Loop18-d_k3,0.15362449911411075
Loop18-d_k4,0.23277021843986356
Loop18-theta0,0.09742433360291491
Loop18-theta1,1.1411418620490914
Loop18-theta2,0.18053481723924336
Loop18-theta3,0.19865822383300696
Loop18-theta4,0.2135817221874407
Loop18-theta5,0.17900795022710647
Loop18-theta6,0.060070723232793055
Loop18-theta7,0.24191216345190802
Loop18-theta8,0.16256102515874327
Loop18-theta9,0.4374784760284591
Loop18-theta10,0.13666908227697938
Loop18-theta11,0.2226628387511651
Loop18-theta12,0.22283273392726377
Loop18-theta13,0.13951281655144976
Loop18-theta14,0.3523063775965841
Loop18-theta15,0.009327240493785027
Loop18-theta16,0.03701380841212676
Loop18-theta17,0.312357105358092
Loop18-theta18,0.09679000432391893
Loop18-theta19,0.2949421122415887
Loop18-theta20,0.009463209592627253
Loop18-theta21,0.05829746784093004
Loop18-theta22,0.4260795149691058
Loop18-theta23,0.22648272052384044
Loop18-theta24,0.13792313605610806
Loop18-theta25,0.015749233428751896
Loop18-theta26,0.08173085485821208
Loop18-theta27,0.4695639811702981
Loop18-theta28,0.49687563585565797
Loop18-theta29,0.3039339841518527
Loop18-theta30,0.07715219208461255
Loop18-theta31,0.3739495147994113
Loop18-theta32,0.38189250864987334
Loop18-theta33,0.12102202040121735
Loop18-theta34,0.01668129733095558
Loop18-theta35,0.17904427720558
Loop18-theta36,0.45514392808793236
Loop18-theta37,0.4159051826436587
Loop18-theta38,0.719969553712906
Loop18-theta39,0.007788557854293776
Loop18-theta40,0.14879522169928927
Loop18-theta41,0.5090844178721445
Loop18-theta42,0.19609044442825962
Loop18-theta43,0.18167049251394607
Loop18-theta44,0.3178995643455369
Loop18-theta45,0.4262802021447609
Loop18-theta46,0.1806321895077796
Loop18-theta47,0.029613352876914856
Loop18-theta48,0.15422654155939086
Loop18-theta49,0.16629037801321955
Loop19-beta_i1,0.008484412277765085
Loop19-beta_i2,0.03731983017683538
Loop19-beta_i3,0.005347055226354369
Loop19-beta_i4,0.17462821997110295
Loop19-beta_r3,0.07574380367160483
Loop19-beta_r4,0.0776663836471084
Loop19-d_k1,0.2777478912535437
Loop19-d_k2,0.0017520877430922122
Loop19-d_k3,0.3092237015912413
Loop19-d_k4,0.5887236805878762
Loop19-theta0,0.7454659918824226
Loop19-theta1,0.05836281302096641
Loop19-theta2,0.009706450776541031
Loop19-theta3,0.6166000952119381
Loop19-theta4,0.42792762838085974
Loop19-theta5,0.3704066524010211
Loop19-theta6,0.42997473840896544
Loop19-theta7,0.5543515975409508
Loop19-theta8,0.14665196287060545
Loop19-theta9,0.37898610316751513
Loop19-theta10,0.24826931272649166
Loop19-theta11,0.43057166569329475
Loop19-theta12,0.7395033678636298
Loop19-theta13,0.30705533780060246
Loop19-theta14,0.5206453894514809
Loop19-theta15,0.03329369149809047
Loop19-theta16,0.0010845854650791686
Loop19-theta17,0.1918465880798892
Loop19-theta18,0.20749322407836296
Loop19-theta19,0.1079861034487008
Loop19-theta20,0.11018212376757508
Loop19-theta21,0.5118900127736329
Loop19-theta22,0.2829008391784529
Loop19-theta23,0.1318038257038881
Loop19-theta24,0.21208995743311354
Loop19-theta25,0.39268880115143867
Loop19-theta26,0.01603351937963826
Loop19-theta27,0.09932822303834649
Loop19-theta28,0.42181794948862117
Loop19-theta29,0.1492625030695307
Loop19-theta30,0.2691764705368881
Loop19-theta31,0.505380522613801
Loop19-theta32,0.07332661867299328
Loop19-theta33,0.077506849853402
Loop19-theta34,0.6501756697906047
Loop19-theta35,0.47558037255348506
Loop19-theta36,0.229384332338874
Loop19-theta37,0.566386861945833
Loop19-theta38,0.17773021970259828
Loop19-theta39,0.45375909619544696
Loop19-theta40,0.23563937074543034
Loop19-theta41,0.339490300247025
Loop19-theta42,0.10363871189498175
Loop19-theta43,0.3070539010906156
Loop19-theta44,0.07235313012797762
Loop19-theta45,0.03681830449421486
Loop19-theta46,0.15973018440246245
Loop19-theta47,0.018809290086931663
Loop19-theta48,0.5299737313230084
Loop19-theta49,0.3622326043833248
Loop20-beta_i1,0.039018780990391355
Loop20-beta_i2,0.1541637199561824
Loop20-beta_i3,0.02210781420312735
Loop20-beta_i4,0.1704701569384297
Loop20-beta_r3,0.14419800097480762
Loop20-beta_r4,0.09943172616510942
Loop20-d_k1,0.24153723619203848
Loop20-d_k2,0.05087761607336766
Loop20-d_k3,0.12393669946575481
Loop20-d_k4,0.16847815279965128
Loop20-theta0,0.33319816165397476
Loop20-theta1,0.42999936268752076
Loop20-theta2,0.13420478493597776
Loop20-theta3,0.03100337098348982
Loop20-theta4,0.3193718961862605
Loop20-theta5,0.054481353439932906
Loop20-theta6,0.03258233471135741
Loop20-theta7,0.5235270877178335
Loop20-theta8,0.3801867199722171
Loop20-theta9,0.46298848394879855
Loop20-theta10,0.04798576575012259
Loop20-theta11,0.21067225473210063
Loop20-theta12,0.22573465687578587
Loop20-theta13,0.2415983947739021
Loop20-theta14,0.04234056377860973
Loop20-theta15,0.4591917983117797
Loop20-theta16,0.07274201406927439
Loop20-theta17,0.05152180876082291
Loop20-theta18,0.17531304279254628
Loop20-theta19,0.17450170194059508
Loop20-theta20,0.07169287066184907
Loop20-theta21,0.15495954171717075
Loop20-theta22,0.06830783080503089
Loop20-theta23,0.12479799233491429
Loop20-theta24,0.500445512373093
Loop20-theta25,0.270298419270547
Loop20-theta26,0.2788469869284831
Loop20-theta27,0.13086942484536346
Loop20-theta28,0.08489815626459785
Loop20-theta29,0.4900252170811161
Loop20-theta30,0.3346919319962927
Loop20-theta31,0.4112556853723994
Loop20-theta32,0.004253435537984018
Loop20-theta33,0.11299248263391315
Loop20-theta34,0.16868192934719273
Loop20-theta35,0.30058389556260706
Loop20-theta36,0.33072132405987786
Loop20-theta37,0.14565883103030192
Loop20-theta38,0.043386728500227845
Loop20-theta39,0.11091749158234326
Loop20-theta40,0.37204686495217865
Loop20-theta41,0.19325596315454174
Loop20-theta42,0.3422609425684022
Loop20-theta43,0.2051953767192386
Loop20-theta44,0.039063971120164465
Loop20-theta45,0.075664383078615
Loop20-theta46,0.47802864331139344
Loop20-theta47,0.15802901726884183
Loop20-theta48,0.2537868358023958
Loop20-theta49,0.06617422389846928
Loop21-beta_i1,0.13829265093203458
Loop21-beta_i2,0.1955108273448718
Loop21-beta_i3,0.2067863902971817
Loop21-beta_i4,0.16725104205209607
Loop21-beta_r3,0.04238590716354196
Loop21-beta_r4,0.020394176642134818
Loop21-d_k1,0.0011552197700157585
Loop21-d_k2,0.045533810745505776
Loop21-d_k3,0.03681658433814
Loop21-d_k4,0.007562006637350294
Loop21-theta0,0.04657833537471656
Loop21-theta1,0.2492835860662982
Loop21-theta2,0.22827421275924475
Loop21-theta3,0.17675859601375743
Loop21-theta4,0.2505655773924325
Loop21-theta5,0.20144492817136572
Loop21-theta6,0.013398397976292109
Loop21-theta7,0.061910789898269036
Loop21-theta8,0.38332636950159105
Loop21-theta9,0.7327272194670456
Loop21-theta10,0.40609841789430456
Loop21-theta11,0.02705628635549895
Loop21-theta12,0.492407707972377
Loop21-theta13,0.33375264497055923
Loop21-theta14,0.26418530386910644
Loop21-theta15,0.20050300230735385
Loop21-theta16,9.955142065058986E-4
Loop21-theta17,0.4316507902270994
Loop21-theta18,0.1783737659815241
Loop21-theta19,0.44486532116575334
Loop21-theta20,0.07701674027560146
Loop21-theta21,0.05712844701266062
Loop21-theta22,0.36449196791398997
Loop21-theta23,0.01323581327748835
Loop21-theta24,0.31314904763039175
Loop21-theta25,0.04082901862775645
Loop21-theta26,0.016355749833260047
Loop21-theta27,0.4400390025510189
Loop21-theta28,0.0524701485402293
Loop21-theta29,0.38776837510518203
Loop21-theta30,0.372013662252838
Loop21-theta31,0.009087322365618156
Loop21-theta32,0.08071344326618524
Loop21-theta33,0.40921802406853736
Loop21-theta34,0.2985432837258789
Loop21-theta35,0.24253179467827982
Loop21-theta36,0.3159811150380784
Loop21-theta37,0.006723750754994762
Loop21-theta38,0.42286441216813087
Loop21-theta39,0.26691801025822226
Loop21-theta40,0.3542408045951082
Loop21-theta41,0.3111414026017463
Loop21-theta42,0.04790026691575988
Loop21-theta43,0.10428117836453002
Loop21-theta44,0.24853862384089564
Loop21-theta45,0.18180082692928634
Loop21-theta46,0.4031850734400261
Loop21-theta47,0.3229031603913094
Loop21-theta48,0.11802699038709885
Loop21-theta49,0.3041410534085891
Loop22-beta_i1,0.13524481342908334
Loop22-beta_i2,0.13372457597726772
Loop22-beta_i3,0.2159646608180792
Loop22-beta_i4,0.19000144817520992
Loop22-beta_r3,0.05872672785444388
Loop22-beta_r4,0.02167812247437939
Loop22-d_k1,0.0033539000463497226
Loop22-d_k2,0.17124717190993596
Loop22-d_k3,0.05019472166962202
Loop22-d_k4,0.1176985501939638
Loop22-theta0,0.09578560153112936
Loop22-theta1,0.1960953946374273
Loop22-theta2,0.08353563158560307
Loop22-theta3,0.2721288360967423
Loop22-theta4,0.4581622215189127
Loop22-theta5,0.09377731320691307
Loop22-theta6,0.590682294303289
Loop22-theta7,0.13431623110725677
Loop22-theta8,0.10288625619235267
Loop22-theta9,0.12680213697747122
Loop22-theta10,0.6033282470527654
Loop22-theta11,0.2991211829483857
Loop22-theta12,0.005053286699111648
Loop22-theta13,0.13350689265324373
Loop22-theta14,0.06124799860678043
Loop22-theta15,0.2638224647405375
Loop22-theta16,0.049907047873603116
Loop22-theta17,0.04647663094627438
Loop22-theta18,0.4709548866073512
Loop22-theta19,0.8486656956494101
Loop22-theta20,0.06850065607488987
Loop22-theta21,0.009673127985835861
Loop22-theta22,0.10943849102571002
Loop22-theta23,0.008057139655621492
Loop22-theta24,0.3002517786476421
Loop22-theta25,0.2025633461774583
Loop22-theta26,0.364743004557605
Loop22-theta27,0.16595289336117414
Loop22-theta28,0.2455399649030976
Loop22-theta29,0.1670387189994868
Loop22-theta30,0.3594043648373877
Loop22-theta31,0.19527058353620133
Loop22-theta32,0.19062879045194747
Loop22-theta33,0.28779430284785584
Loop22-theta34,0.5388973981726664
Loop22-theta35,0.27119824208564447
Loop22-theta36,0.3644850218875747
Loop22-theta37,0.056018537496671184
Loop22-theta38,0.5651662421777923
Loop22-theta39,0.16395038063763379
Loop22-theta40,0.017900437909373013
Loop22-theta41,0.06620144954174534
Loop22-theta42,0.2795744001732495
Loop22-theta43,0.43019453421007575
Loop22-theta44,0.06268954994071718
Loop22-theta45,0.3794747530850564
Loop22-theta46,0.023367004782053336
Loop22-theta47,0.2596635486899319
Loop22-theta48,0.020466590589469202
Loop22-theta49,0.17281202991859834
Loop23-beta_i1,0.015274593948879145
Loop23-beta_i2,0.026242297768978018
Loop23-beta_i3,0.014776182250426179
Loop23-beta_i4,0.08480550612160753
Loop23-beta_r3,0.08293749132919481
Loop23-beta_r4,0.049366261435203285
Loop23-d_k1,0.1524114623919396
Loop23-d_k2,0.20113956536971989
Loop23-d_k3,0.14038195989643532
Loop23-d_k4,0.18911006287421595
Loop23-theta0,0.13011769406068663
Loop23-theta1,0.2019905091439822
Loop23-theta2,0.14144398376804046
Loop23-theta3,0.18186205841041136
Loop23-theta4,0.022360309325223815
Loop23-theta5,0.1270564363437332
Loop23-theta6,0.09359427306675058
Loop23-theta7,1.0174226133638018
Loop23-theta8,0.06482603953602878
Loop23-theta9,0.01731725114837987
Loop23-theta10,0.026092499606484854
Loop23-theta11,0.23016847440395827
Loop23-theta12,0.1737516895070541
Loop23-theta13,0.3211680739583001
Loop23-theta14,0.057553994456286395
Loop23-theta15,0.21041107917406032
Loop23-theta16,0.06672521830809675
Loop23-theta17,0.3252045752591875
Loop23-theta18,0.1375419593593603
Loop23-theta19,0.040376153262922654
Loop23-theta20,0.3702270777964487
Loop23-theta21,0.3662109222411942
Loop23-theta22,0.17824095638028858
Loop23-theta23,0.15657558818269735
Loop23-theta24,0.20942521969570782
Loop23-theta25,0.24517871614671088
Loop23-theta26,0.18972661093066834
Loop23-theta27,0.03348515502259727
Loop23-theta28,0.3476898821831339
Loop23-theta29,0.0836630011913699
Loop23-theta30,0.2981615028489537
Loop23-theta31,0.026439879869237903
Loop23-theta32,0.05569899460051242
Loop23-theta33,0.1832533438921109
Loop23-theta34,0.08534410916939894
Loop23-theta35,0.06137657579718736
Loop23-theta36,0.2620176476193712
Loop23-theta37,0.17120878127782302
Loop23-theta38,0.25467873112399914
Loop23-theta39,0.2670084582616973
Loop23-theta40,0.02465594423826123
Loop23-theta41,0.31421711460737567
Loop23-theta42,0.12952742799811556
Loop23-theta43,0.13407845702051635
Loop23-theta44,0.10532042113030848
Loop23-theta45,0.04320152276855449
Loop23-theta46,0.1665741460396417
Loop23-theta47,0.25395844759910813
Loop23-theta48,0.2497246977316523
Loop23-theta49,0.3192248404347
Loop24-beta_i1,0.10786349390189476
Loop24-beta_i2,0.24505151021915594
Loop24-beta_i3,0.11343741050741274
Loop24-beta_i4,0.21648850329517966
Loop24-beta_r3,0.014804661350777959
Loop24-beta_r4,0.024365893275072607
Loop24-d_k1,0.027944033732302587
Loop24-d_k2,0.03231345443688238
Loop24-d_k3,0.11494834008121713
Loop24-d_k4,0.17520582825040232
Loop24-theta0,1.0072504611418007
Loop24-theta1,0.10192055511516418
Loop24-theta2,0.007566642110774291
Loop24-theta3,0.017768167265373058
Loop24-theta4,0.2860084290381608
Loop24-theta5,0.2753964094037884
Loop24-theta6,0.230279754059443
Loop24-theta7,0.5894772836235034
Loop24-theta8,0.18218859713669322
Loop24-theta9,0.6091965631364098
Loop24-theta10,0.01826162699024364
Loop24-theta11,0.05669743117538417
Loop24-theta12,0.02524271130876876
Loop24-theta13,0.4343019827575172
Loop24-theta14,0.13270770259122278
Loop24-theta15,0.22681201988628508
Loop24-theta16,0.5562401985913006
Loop24-theta17,0.1248436476578001
Loop24-theta18,0.35413222415894596
Loop24-theta19,0.4012569223598287
Loop24-theta20,0.37280098874869627
Loop24-theta21,0.09792367198580476
Loop24-theta22,0.31845343694156925
Loop24-theta23,0.017740312457987795
Loop24-theta24,0.28599703114436376
Loop24-theta25,0.10565345202677734
Loop24-theta26,0.34575694695903386
Loop24-theta27,0.5486008880553404
Loop24-theta28,0.14001539763314264
Loop24-theta29,0.15888933517867754
Loop24-theta30,0.4690403674939456
Loop24-theta31,0.08792553754532509
Loop24-theta32,0.4277231973251292
Loop24-theta33,0.1590748703532323
Loop24-theta34,0.29102705482675584
Loop24-theta35,0.2856890308031506
Loop24-theta36,0.08582799709226463
Loop24-theta37,0.06307150622450558
Loop24-theta38,0.3292640179515802
Loop24-theta39,0.2864148754953386
Loop24-theta40,0.17378981580706843
Loop24-theta41,0.04446401936919642
Loop24-theta42,0.07375708469859596
Loop24-theta43,0.11632675543761595
Loop24-theta44,0.1850826327788765
Loop24-theta45,0.08823683427000939
Loop24-theta46,0.34106451364205326
Loop24-theta47,0.07666188771407612
Loop24-theta48,0.07374732044666832
Loop24-theta49,0.36273819597089385
Loop25-beta_i1,0.028860656835785425
Loop25-beta_i2,0.10931470294956419
Loop25-beta_i3,0.07311261399047042
Loop25-beta_i4,0.046695795266328055
Loop25-beta_r3,0.02872814830167697
Loop25-beta_r4,0.011390895794827993
Loop25-d_k1,0.10686562158514301
Loop25-d_k2,0.03934305083445622
Loop25-d_k3,0.07294955034088718
Loop25-d_k4,0.005426979590201109
Loop25-theta0,0.053522209165270285
Loop25-theta1,0.12993690859544027
Loop25-theta2,0.4540030085373372
Loop25-theta3,0.08159344152031153
Loop25-theta4,0.0496117425410334
Loop25-theta5,0.25181238193038147
Loop25-theta6,0.27429784790642797
Loop25-theta7,0.1961593818195777
Loop25-theta8,0.021920854385458488
Loop25-theta9,0.5985179935784468
Loop25-theta10,0.03701864505966901
Loop25-theta11,0.08340871626900626
Loop25-theta12,0.30160842455344117
Loop25-theta13,0.28489491310093995
Loop25-theta14,0.0049990102187321694
Loop25-theta15,0.11829406185585253
Loop25-theta16,0.019105914353751363
Loop25-theta17,0.08529754930030642
Loop25-theta18,0.34519742214805105
Loop25-theta19,0.16658198919746003
Loop25-theta20,0.024978945228836313
Loop25-theta21,0.3720364945331133
Loop25-theta22,0.5643795409295189
Loop25-theta23,0.26286802140377347
Loop25-theta24,0.35010476217810793
Loop25-theta25,0.22629160817191235
Loop25-theta26,0.10604504146625993
Loop25-theta27,0.11618878328986038
Loop25-theta28,0.08749316472716041
Loop25-theta29,0.06329185998438713
Loop25-theta30,0.12934847907771685
Loop25-theta31,0.2544383888855979
Loop25-theta32,0.5278911987063688
Loop25-theta33,0.5650448491546138
Loop25-theta34,0.32752560598624675
Loop25-theta35,0.27809371270822447
Loop25-theta36,0.14159840124030854
Loop25-theta37,0.3114991054723878
Loop25-theta38,0.057758466029898425
Loop25-theta39,0.013358977716897424
Loop25-theta40,0.12562796400607545
Loop25-theta41,0.2716022648177543
Loop25-theta42,0.17340762774380303
Loop25-theta43,0.6789288790336809
Loop25-theta44,0.015022332887668681
Loop25-theta45,0.08559564713215301
Loop25-theta46,0.14196296373405917
Loop25-theta47,0.009656193987549022
Loop25-theta48,0.029095078586562295
Loop25-theta49,0.45523345552797734
Loop26-beta_i1,0.26344457491988527
Loop26-beta_i2,0.16223380613363436
Loop26-beta_i3,0.28454555282122995
Loop26-beta_i4,0.40158011758148615
Loop26-beta_r3,0.1405438783356675
Loop26-beta_r4,0.06024319192637784
Loop26-d_k1,0.19967830634029698
Loop26-d_k2,0.2133974730272281
Loop26-d_k3,0.02429732001461407
Loop26-d_k4,0.010578153327683637
Loop26-theta0,0.2081744680105222
Loop26-theta1,0.10972045731833546
Loop26-theta2,0.10987105874854874
Loop26-theta3,0.6296231545494491
Loop26-theta4,0.36900489809005643
Loop26-theta5,0.4842910383125474
Loop26-theta6,0.1928305514460773
Loop26-theta7,0.5906263532921407
Loop26-theta8,0.781243212785081
Loop26-theta9,0.4139603092753175
Loop26-theta10,0.7060562402220495
Loop26-theta11,0.1189610296492678
Loop26-theta12,0.23919835007104484
Loop26-theta13,0.9018429969706816
Loop26-theta14,0.5458164691297347
Loop26-theta15,0.4134262038117009
Loop26-theta16,0.5199782648352057
Loop26-theta17,0.2883263912035275
Loop26-theta18,0.06530901601092087
Loop26-theta19,0.44860883884192476
Loop26-theta20,0.39328251411730153
Loop26-theta21,0.32440529081545244
Loop26-theta22,0.14668449991961663
Loop26-theta23,0.11200149446706587
Loop26-theta24,0.27049377076869596
Loop26-theta25,0.4876591062827609
Loop26-theta26,0.4679247468752336
Loop26-theta27,0.10371111130980637
Loop26-theta28,0.23092624504985457
Loop26-theta29,0.11529122281231419
Loop26-theta30,0.021563759913787006
Loop26-theta31,0.5775697572137137
Loop26-theta32,0.10934504598204453
Loop26-theta33,1.0187264017413378
Loop26-theta34,0.029825904444746004
Loop26-theta35,0.038531417463217976
Loop26-theta36,0.3173237503555407
Loop26-theta37,0.18458927822773397
Loop26-theta38,0.40047958289280927
Loop26-theta39,0.12791285984351508
Loop26-theta40,0.5536487436528235
Loop26-theta41,0.1812419744243563
Loop26-theta42,0.25002481925624037
Loop26-theta43,0.4821972993424015
Loop26-theta44,0.3037446470788441
Loop26-theta45,0.04835017905558858
Loop26-theta46,0.1716387765803844
Loop26-theta47,0.26618579415712107
Loop26-theta48,0.1794272374690029
Loop26-theta49,0.0012604634889346045
Loop27-beta_i1,0.08101934035009717
Loop27-beta_i2,0.1518915531640772
Loop27-beta_i3,0.13330054703786132
Loop27-beta_i4,0.10320957388834295
Loop27-beta_r3,0.14264070643826043
Loop27-beta_r4,0.04802518525319388
Loop27-d_k1,0.02788643711759642
Loop27-d_k2,0.049432832578013425
Loop27-d_k3,0.09209743490258707
Loop27-d_k4,0.1694167045981968
Loop27-theta0,0.26688174515217566
Loop27-theta1,0.3377768637573606
Loop27-theta2,0.10951363934480038
Loop27-theta3,0.04984125889392077
Loop27-theta4,0.10637405675406675
Loop27-theta5,0.11926416791454764
Loop27-theta6,0.26360192467105015
Loop27-theta7,0.13790949002109776
Loop27-theta8,0.1209309762756614
Loop27-theta9,0.63907402035814
Loop27-theta10,0.3423062777236061
Loop27-theta11,0.5274657405541135
Loop27-theta12,0.43696248316740505
Loop27-theta13,0.0066102840263548845
Loop27-theta14,0.17811164800231716
Loop27-theta15,0.038635632813692866
Loop27-theta16,0.10638901858412331
Loop27-theta17,0.7892605942579549
Loop27-theta18,0.17615422828607108
Loop27-theta19,0.010345789982351916
Loop27-theta20,0.25827273067360934
Loop27-theta21,0.31675452370793045
Loop27-theta22,0.56773015304753
Loop27-theta23,0.010706924488087521
Loop27-theta24,0.3758604871412079
Loop27-theta25,0.2023932859584694
Loop27-theta26,0.29073422022726925
Loop27-theta27,0.02907985827419557
Loop27-theta28,0.05896642458793977
Loop27-theta29,0.04156980192430948
Loop27-theta30,0.24605428251381511
Loop27-theta31,0.1580051440912862
Loop27-theta32,0.49732809968619807
Loop27-theta33,0.19866388017598402
Loop27-theta34,0.23542118106228793
Loop27-theta35,0.10436582618833529
Loop27-theta36,0.3409569439114487
Loop27-theta37,0.653674862251096
Loop27-theta38,0.18812482259613983
Loop27-theta39,0.004329708853614889
Loop27-theta40,0.3591235001080297
Loop27-theta41,0.025598146246818443
Loop27-theta42,0.422793655778398
Loop27-theta43,0.12915191442441867
Loop27-theta44,0.1289554837361514
Loop27-theta45,0.39006708749544133
Loop27-theta46,0.3437768295764736
Loop27-theta47,0.42497071885941307
Loop27-theta48,0.347674885423091
Loop27-theta49,0.7757503841991196
Loop28-beta_i1,0.08057391329195474
Loop28-beta_i2,0.24218228604765896
Loop28-beta_i3,0.05242866354195452
Loop28-beta_i4,0.05711493048398275
Loop28-beta_r3,0.0495986919858567
Loop28-beta_r4,0.03790872846384369
Loop28-d_k1,0.007875517660891118
Loop28-d_k2,0.13545815864723076
Loop28-d_k3,0.0184472767493484
Loop28-d_k4,0.12488639955877323
Loop28-theta0,0.012417057759508632
Loop28-theta1,0.07532561050923825
Loop28-theta2,0.2762498478901514
Loop28-theta3,0.007222720862784193
Loop28-theta4,0.010606580475372107
Loop28-theta5,0.03128672997109416
Loop28-theta6,0.18203345949605576
Loop28-theta7,0.04426507255900969
Loop28-theta8,0.1561770920707347
Loop28-theta9,0.04620880719535869
Loop28-theta10,0.014939653726565583
Loop28-theta11,0.26371735545000563
Loop28-theta12,0.385618726143239
Loop28-theta13,0.025520455243428386
Loop28-theta14,0.09970504205940711
Loop28-theta15,0.1054474393772784
Loop28-theta16,0.07309370473140098
Loop28-theta17,0.4624539798982775
Loop28-theta18,0.2736707100569362
Loop28-theta19,0.07962151002064105
Loop28-theta20,0.5458038771759075
Loop28-theta21,0.2577197742089399
Loop28-theta22,0.17778926494540767
Loop28-theta23,0.34430192985780605
Loop28-theta24,0.3146408647965412
Loop28-theta25,0.16741552785999314
Loop28-theta26,0.23445887870235715
Loop28-theta27,0.019311115861040173
Loop28-theta28,0.16109870006707627
Loop28-theta29,0.06576915781296841
Loop28-theta30,0.5570427361230637
Loop28-theta31,0.05035682020828908
Loop28-theta32,0.2296573368196786
Loop28-theta33,0.05288581610195242
Loop28-theta34,0.3873595345847851
Loop28-theta35,0.23942718338688201
Loop28-theta36,0.19961274413390317
Loop28-theta37,0.0016334219755310686
Loop28-theta38,0.08722964188777249
Loop28-theta39,0.052827286750614544
Loop28-theta40,0.7250259754455367
Loop28-theta41,0.1364364622152387
Loop28-theta42,0.2520514193896506
Loop28-theta43,0.08912114910174751
Loop28-theta44,0.7873982202693697
Loop28-theta45,0.20534684428234784
Loop28-theta46,0.27774180282619065
Loop28-theta47,0.21740093453117454
Loop28-theta48,0.0828018806516515
Loop28-theta49,0.34706834618095095
Loop29-beta_i1,0.049890562771790825
Loop29-beta_i2,0.12410213202207979
Loop29-beta_i3,0.015443880691354273
Loop29-beta_i4,0.015397581931465454
Loop29-beta_r3,0.03869373710335883
Loop29-beta_r4,0.025570126488652534
Loop29-d_k1,0.11490034396185778
Loop29-d_k2,0.1119010949706315
Loop29-d_k3,0.14456315633900996
Loop29-d_k4,0.14156390734778324
Loop29-theta0,0.16071991675486597
Loop29-theta1,0.4282174837830215
Loop29-theta2,0.43480515082710935
Loop29-theta3,0.1548381987834202
Loop29-theta4,0.20145976916930275
Loop29-theta5,0.2261341513538485
Loop29-theta6,0.19902985201563203
Loop29-theta7,0.042830069988200714
Loop29-theta8,0.21555813901804322
Loop29-theta9,0.2549453311757879
Loop29-theta10,0.17608531485224976
Loop29-theta11,0.24688493642560522
Loop29-theta12,0.12731427278124224
Loop29-theta13,0.08025537723955256
Loop29-theta14,0.3660838639761841
Loop29-theta15,0.022963724971015675
Loop29-theta16,0.023958926525285085
Loop29-theta17,0.1288700222704351
Loop29-theta18,0.1651557586598429
Loop29-theta19,0.012215443848157814
Loop29-theta20,0.4613993888399135
Loop29-theta21,0.5506187752929025
Loop29-theta22,0.061313221479391
Loop29-theta23,0.10426974060342875
Loop29-theta24,0.21324709863365138
Loop29-theta25,0.2697132136499649
Loop29-theta26,0.30064476955876684
Loop29-theta27,0.07494507248503313
Loop29-theta28,0.30831230556924516
Loop29-theta29,0.2980613740539922
Loop29-theta30,0.17926983048375655
Loop29-theta31,0.07506682804855935
Loop29-theta32,0.5728163163647467
Loop29-theta33,0.04538121152838154
Loop29-theta34,0.10892404424464264
Loop29-theta35,0.11088399460934117
Loop29-theta36,0.037004001276841225
Loop29-theta37,0.030720400506600187
Loop29-theta38,0.4059769901100718
Loop29-theta39,0.19951220773410416
Loop29-theta40,0.22169241406070483
Loop29-theta41,0.008389395102276057
Loop29-theta42,0.2195357614884521
Loop29-theta43,0.15927363156905722
Loop29-theta44,0.010016247813636178
Loop29-theta45,0.021376407169460765
Loop29-theta46,0.0756336272522593
Loop29-theta47,0.14930140803169079
Loop29-theta48,0.178599012254465
Loop29-theta49,0.2786784167314629
